                        ;
                        ; Page 1
                        ;

                        ;
                        ;
                        ;  SYSTEM INTERFACE
                        ;
                        ;	file	'8k Basic'

0000                    BASIC:				;FULL RESTART INITIALIZATION
0000                    SYSINITJ:
0000  C3 9B20           	JMP	INITIALZ
0003                    REENTERBASIC:			;REENTER AFTER PAUSE
0003  C3 6106           	JMP	cmndrstr

                        ;
                        ;  Monitor Routines
                        ;
                        ;co	equ	406h	;c -> screen
                        ;cinb	equ	409h	;keyboard -> ac, carry set if any
                        ;dclr	equ	538h	;clear screen
                        ;xco	equ	4f4h	;c -> printer (blocking)

                        ;
                        ; I don't know which monitor was used here. So instead the i/o functions
                        ; are added for the Altair 88-SIO2.
                        ;
                        ; July 2014, Udo Munk
                        ;

0006  DB 10             co:	in	10h		;read console status
0008  E6 02             	ani	2		;if not ready
000A  CA 0600           	jz	co		;keep waiting
000D  79                	mov	a,c		;get character
000E  D3 11             	out	11h		;and print it
0010  C9                	ret

0011  DB 10             cinb:	in	10h		;read console status
0013  E6 01             	ani	1		;check if character available
0015  C8                	rz			;return if not with carry clear
0016  DB 11             	in	11h		;get character
0018  37                	stc			;and set carry flag
0019  C9                	ret

001A                    dclr:				;not implemented yet
001A  C9                	ret

001B                    xco:				;not implemented yet
001B  C9                	ret

                        ;
                        ;  NON-BLOCKING INPUT
                        ;   CHAR IN AC IF NOT ZERO
                        ;   ZERO SET IF NONE
                        ;
001C                    SYSKEYIN:
001C  C5                	push	b
001D  D5                	push	d
001E  E5                	push	h
001F  CD 1100           	call	cinb	;get char
0022  D2 3300           	jnc	syskeynone
0025  FE 00             	cpi	0
0027  CA 3700           	jz	clearscreen
002A  FE 1F             	cpi	1fh	;us to bring to 14
002C  CA 3D00           	jz	gomonitor
002F                    syskeyinret:
002F  E1                	pop	h
0030  D1                	pop	d
0031  C1                	pop	b
0032  C9                	ret
0033                    syskeynone:
0033  97                	sub	a	;set zero
0034  C3 2F00           	jmp	syskeyinret
0037                    clearscreen:
0037  CD 1A00           	call	dclr	;clear screen
003A  C3 3300           	jmp	syskeynone
003D                    gomonitor:
003D  CF                	rst	1	;about using us (^_)
003E  00                	nop	
003F  00                	nop
                        ;
                        ;  SEND AC TO SCREEN
                        ;
0040                    SYSDISPL:
0040  F5                	push	psw
0041  C5                	push	b
0042  D5                	push	d

                        ;
                        ; Page 2
                        ;

0043  E5                	push	h
0044  4F                	mov	c,a
0045  CD 0600           	call	co	;c to screen
0048  3A 7903           	lda	p3010	;print on the 3010 if zero
004B  A7                	ana	a	
004C  CC 1B00           	cz	xco	;yes print
004F  E1                	pop	h
0050  D1                	pop	d
0051  C1                	pop	b
0052  F1                	pop	psw
0053  C9                	RET
                        ;
                        ;  CHECK FOR BREAK REQUEST
                        ;   SET ZERO TO BREAK
                        ;
0054                    SYSBREAK:
0054  CD 1C00           	call	syskeyin
0057  CA 5C00           	jz	nobreak
005A  97                	sub	a
005B  C9                	ret
005C                    nobreak:
005C  3E 01             	mvi	a,1
005E  B7                	ora	a
005F  C9                	ret
                        ;
                        ;  DELAY
                        ;
0060                    SYSWAIT:
0060  C9                	RET
                        ;
                        ;  RETURN TO MONITOR
                        ;
      = B400            MONITOR	EQU	0B400H
0061                    SYSQUIT:
0061  C3 00B4           	JMP	MONITOR

                        ;
                        ;  Page 3
                        ;

      = 000D            CR	EQU	0DH
      = 000A            LF	EQU	0AH
      = 0007            BEL	EQU	07H
      = 0008            BS	EQU	08H
      = 0009            TAB	EQU	09H
      = 0009            HT	EQU	09H
      = 0011            CD1	EQU	11H
      = 007F            DEL	EQU	7FH
      = 000F            SI	EQU	0FH
      = 0003            ETX	EQU	03H
      = 000C            FF	EQU	0CH
      = 0018            ESC	EQU	18H

                        ;
                        ;  Page 4
                        ;

      = 0080            KEYSTM	EQU	80H		;STATEMENT CODES
      = 0080            KEYDAT	EQU	KEYSTM
      = 0081            KEYREM	EQU	KEYDAT+1
      = 0082            KEYLSAL	EQU	KEYREM+1
      = 0082            KEYEND	EQU	KEYLSAL
      = 0083            KEYFOR	EQU	KEYEND+1
      = 0084            KEYNEX	EQU	KEYFOR+1
      = 0085            KEYINPT	EQU	KEYNEX+1
      = 0086            KEYDIM	EQU	KEYINPT+1
      = 0087            KEYREA	EQU	KEYDIM+1
      = 0088            KEYLET	EQU	KEYREA+1
      = 0089            KEYGTO	EQU	KEYLET+1
      = 008A            KEYRUN	EQU	KEYGTO+1
      = 008B            KEYIF	EQU	KEYRUN+1
      = 008C            KEYELS	EQU	KEYIF+1
      = 008D            KEYRES	EQU	KEYELS+1
      = 008E            KEYGSB	EQU	KEYRES+1
      = 008F            KEYRET	EQU	KEYGSB+1
      = 0090            KEYSTOP	EQU	KEYRET+1
      = 0091            KEYON	EQU	KEYSTOP+1
      = 0092            KEYAUT	EQU	KEYON+1
      = 0093            KEYDEL	EQU	KEYAUT+1
      = 0094            KEYPLT	EQU	KEYDEL+1
      = 0095            KEYWAI	EQU	KEYPLT+1
      = 0096            KEYPRT	EQU	KEYWAI+1
      = 0097            KEYDEF	EQU	KEYPRT+1
      = 0098            KEYCON	EQU	KEYDEF+1
      = 0099            KEYLIS	EQU	KEYCON+1
      = 009A            KEYEDI	EQU	KEYLIS+1
      = 009B            KEYCLR	EQU	KEYEDI+1
      = 009C            KEYCLD	EQU	KEYCLR+1
      = 009D            KEYCSV	EQU	KEYCLD+1
      = 009E            KEYNEW	EQU	KEYCSV+1
      = 009F            KEYSET	EQU	KEYNEW+1
      = 00A0            KEYSUGR	EQU	KEYSET+1
      = 00A0            KEYLSBL	EQU	KEYSUGR
      = 00A0            KEYTHEN	EQU	KEYSUGR
      = 00A1            KEYTO	EQU	KEYTHEN+1
      = 00A2            KEYSTEP	EQU	KEYTO+1
      = 00A3            KEYLSBH	EQU	KEYSTEP+1
      = 00A3            KEYPRM	EQU	KEYLSBH
      = 00A4            KEYLINE	EQU	KEYPRM+1
      = 00A5            KEYLSAH	EQU	KEYLINE+1
      = 00A5            KEYTAB	EQU	KEYLSAH
      = 00A6            KEYSPC	EQU	KEYTAB+1
      = 00A7            KEYFN	EQU	KEYSPC+1
      = 00A8            KEYNOT	EQU	KEYFN+1
      = 00A9            KEYOFF	EQU	KEYNOT+1
                        ;
      = 00AA            KEYOPR	EQU	KEYOFF+1	;OPERATOR CODES
      = 00AA            KEYADD	EQU	KEYOPR
      = 00AB            KEYSUB	EQU	KEYADD+1
      = 00AC            KEYMUL	EQU	KEYSUB+1
      = 00AD            KEYDIV	EQU	KEYMUL+1
      = 00AE            KEYMOD	EQU	KEYDIV+1
      = 00AF            KEYEXPT	EQU	KEYMOD+1

                        ;
                        ;  Page 5
                        ;

      = 00B0            KEYAND	EQU	KEYEXPT+1
      = 00B1            KEYOR	EQU	KEYAND+1
      = 00B2            KEYMAX	EQU	KEYOR+1
      = 00B3            KEYMIN	EQU	KEYMAX+1
                        ;
      = 00B4            KEYREL	EQU	KEYMIN+1	;RELATION CODES
      = 00B4            KEYGT	EQU	KEYREL
      = 00B5            KEYEQ	EQU	KEYGT+1
      = 00B6            KEYLT	EQU	KEYEQ+1
                        ;
      = 00B7            KEYFCT	EQU	KEYLT+1		;FUNCTION CODES
      = 00B7            KEYSGN	EQU	KEYFCT
      = 00B8            KEYINT	EQU	KEYSGN+1
      = 00B9            KEYABS	EQU	KEYINT+1
      = 00BA            KEYSQR	EQU	KEYABS+1
      = 00BB            KEYRND	EQU	KEYSQR+1
      = 00BC            KEYLOG	EQU	KEYRND+1
      = 00BD            KEYEXP	EQU	KEYLOG+1
      = 00BE            KEYCOS	EQU	KEYEXP+1
      = 00BF            KEYSIN	EQU	KEYCOS+1
      = 00C0            KEYTAN	EQU	KEYSIN+1
      = 00C1            KEYATA	EQU	KEYTAN+1
      = 00C2            KEYUSR	EQU	KEYATA+1
      = 00C3            KEYFRE	EQU	KEYUSR+1
      = 00C4            KEYPORT	EQU	KEYFRE+1
      = 00C5            KEYPOS	EQU	KEYPORT+1
      = 00C6            KEYMEM	EQU	KEYPOS+1
      = 00C7            KEYLEN	EQU	KEYMEM+1
      = 00C8            KEYSTR	EQU	KEYLEN+1
      = 00C9            KEYVAL	EQU	KEYSTR+1
      = 00CA            KEYASC	EQU	KEYVAL+1
      = 00CB            KEYCHR	EQU	KEYASC+1
      = 00CC            KEYHEX	EQU	KEYCHR+1
      = 00CD            KEYHXV	EQU	KEYHEX+1
      = 00CE            KEYUPR	EQU	KEYHXV+1
      = 00CF            KEYLFT	EQU	KEYUPR+1
      = 00D0            KEYRIG	EQU	KEYLFT+1
      = 00D1            KEYMID	EQU	KEYRIG+1
      = 00D2            KEYINS	EQU	KEYMID+1
                        ;
      = 00D3            KEYS	EQU	KEYINS+1	;LAST ENTRY

                        ;
                        ;  Page 6
                        ;

0064                    STMTABL:			;STATEMENT ROUTINES
0064  7F0B              	DW	DATSTM
0066  840B              	DW	REMSTM
                        				;LISTED WITH BLANK AFTER
0068  270B              	DW	ENDSTM
006A  370A              	DW	FORSTM
006C  560F              	DW	NEXSTM
006E  320E              	DW	INPSTM
0070  3F12              	DW	DIMSTM
0072  740E              	DW	REASTM
0074  C00B              	DW	LETSTM
0076  420B              	DW	GTOSTM
0078  1B0B              	DW	RUNSTM
007A  EF0C              	DW	IFSTM
007C  840B              	DW	ELSSTM
007E  6105              	DW	RESSTM
0080  310B              	DW	GSBSTM
0082  650B              	DW	RETSTM
0084  E00A              	DW	STPSTM
0086  D10C              	DW	ONSTM
0088  7A06              	DW	AUTSTM
008A  1308              	DW	DELSTM
008C  E90D              	DW	PLTSTM
008E  4918              	DW	WAISTM
0090  5C0D              	DW	PRTSTM
0092  1A14              	DW	DEFSTM
0094  070B              	DW	CONSTM
0096  3008              	DW	LISSTM
0098  0409              	DW	EDISTM
009A  7D05              	DW	CLRSTM
009C  7618              	DW	CLDSTM
009E  9018              	DW	CSVSTM
00A0  0C05              	DW	NEWSTM
00A2  DF07              	DW	SETSTM

                        ;
                        ;  Page 7
                        ;

00A4                    OPRTABL:			;OPERATORS AND PRECEDENCE
00A4  79                	DB	79H
00A5  6C1D              	DW	ADDOPR
00A7  79                	DB	79H
00A8  C519              	DW	SUBOPR
00AA  7B                	DB	7BH
00AB  B51A              	DW	MULOPR
00AD  7B                	DB	7BH
00AE  411B              	DW	DIVOPR
00B0  7B                	DB	7BH
00B1  8419              	DW	MODOPR
00B3  7F                	DB	7FH
00B4  C71E              	DW	EXPOPR
00B6  50                	DB	50H
00B7  4419              	DW	ANDOPR
00B9  46                	DB	46H
00BA  4019              	DW	ORNOPR
00BC  76                	DB	76H
00BD  9E19              	DW	MAXOPR
00BF  76                	DB	76H
00C0  AA19              	DW	MINOPR

                        ;
                        ;  Page 8
                        ;

00C2                    FCTTABL:				;FUNCTION ROUTINES
00C2  941C              	DW	SGNFCT
00C4  B61C              	DW	INTFCT
00C6  AA1C              	DW	ABSFCT
00C8  BE1E              	DW	SQRFCT
00CA  951F              	DW	RNDFCT
00CC  7D1E              	DW	LOGFCT
00CE  051F              	DW	EXPFCT
00D0  C91F              	DW	COSFCT
00D2  CF1F              	DW	SINFCT
00D4  3020              	DW	TANFCT
00D6  4520              	DW	ATNFCT
00D8  390C              	DW	ERRAFC
00DA  C417              	DW	FREFCT
00DC  2118              	DW	PORFCT
00DE  E10D              	DW	POSFCT
00E0  F117              	DW	MEMFCT
00E2  2316              	DW	LENFCT
00E4  6F16              	DW	STRFCT
00E6  5316              	DW	VALFCT
00E8  3616              	DW	ASCFCT
00EA  4316              	DW	CHRFCT
00EC  C516              	DW	HEXFCT
00EE  9116              	DW	HXVFCT
00F0  EB16              	DW	UPRFCT
00F2  0F17              	DW	LFTFCT
00F4  4A17              	DW	RIGFCT
00F6  5417              	DW	MIDFCT
00F8  7D17              	DW	INSFCT

                        ;
                        ;  Page 9
                        ;

00FA                    KEYWADDS:			;POINTERS TO KEYWORD GROUPS
00FA  1A013501 4A017101 	DW	KEYWRD0, KEYWRD1, KEYWRD2, KEYWRD3
0102  AD01D101 EE01FD01 	DW	KEYWRD4, KEYWRD5, KEYWRD6, KEYWRD7
010A  0D021702 2A022C02 	DW	KEYWRD8, KEYWRD9, KEYWRDA, KEYWRDB
0112  2E025102 6A027B02 	DW	KEYWRDC, KEYWRDD, KEYWRDE, KEYWRDF
011A                    KEYWORDS:
011A                    KEYWRD0:
011A  94504C4F D4       	DB	KEYPLT, 'PLO', 'T'+128
011F  96505249 4ED4     	DB	KEYPRT, 'PRIN', 'T'+128
0125  A350524F 4D50D4   	DB	KEYPRM, 'PROMP', 'T'+128
012C  C4504F52 D4       	DB	KEYPORT, 'POR', 'T'+128
0131  45504FD3          	DB	KEYPOS-80H, 'PO', 'S'+128
0135                    KEYWRD1:
0135  92415554 CF       	DB	KEYAUT, 'AUT', 'O'+128
013A  B0414EC4          	DB	KEYAND, 'AN', 'D'+128
013E  B94142D3          	DB	KEYABS, 'AB', 'S'+128
0142  C14154CE          	DB	KEYATA, 'AT', 'N'+128
0146  4A4153C3          	DB	KEYASC-80H, 'AS', 'C'+128
014A                    KEYWRD2:
014A  815245CD          	DB	KEYREM, 'RE', 'M'+128
014E  87524541 C4       	DB	KEYREA, 'REA', 'D'+128
0153  8A5255CE          	DB	KEYRUN, 'RU', 'N'+128
0157  8D524553 544F52C5 	DB	KEYRES, 'RESTOR', 'E'+128
015F  8F524554 5552CE   	DB	KEYRET, 'RETUR', 'N'+128
0166  BB524EC4          	DB	KEYRND, 'RN', 'D'+128
016A  50524947 4854A4   	DB	KEYRIG-80H, 'RIGHT', '$'+128
0171                    KEYWRD3:

                        ;
                        ;  Page 10
                        ;

0171  9053544F D0       	DB	KEYSTOP, 'STO', 'P'+128
0176  98434F4E D4       	DB	KEYCON, 'CON', 'T'+128
017B  9B434C45 41D2     	DB	KEYCLR, 'CLEA', 'R'+128
0181  9D534156 C5       	DB	KEYCSV, 'SAV', 'E'+128
0186  9F5345D4          	DB	KEYSET, 'SE', 'T'+128
018A  A2535445 D0       	DB	KEYSTEP, 'STE', 'P'+128
018F  A65350C3          	DB	KEYSPC, 'SP', 'C'+128
0193  B75347CE          	DB	KEYSGN, 'SG', 'N'+128
0197  BA5351D2          	DB	KEYSQR, 'SQ', 'R'+128
019B  BE434FD3          	DB	KEYCOS, 'CO', 'S'+128
019F  BF5349CE          	DB	KEYSIN, 'SI', 'N'+128
01A3  C8535452 A4       	DB	KEYSTR, 'STR', '$'+128
01A8  4B434852 A4       	DB	KEYCHR-80H, 'CHR', '$'+128
01AD                    KEYWRD4:
01AD  80444154 C1       	DB	KEYDAT, 'DAT', 'A'+128
01B2  864449CD          	DB	KEYDIM, 'DI', 'M'+128
01B6  9344454C 4554C5   	DB	KEYDEL, 'DELET', 'E'+128
01BD  974445C6          	DB	KEYDEF, 'DE', 'F'+128
01C1  A0544845 CE       	DB	KEYTHEN, 'THE', 'N'+128
01C6  A154CF            	DB	KEYTO, 'T', 'O'+128
01C9  A55441C2          	DB	KEYTAB, 'TA', 'B'+128
01CD  405441CE          	DB	KEYTAN-80H, 'TA', 'N'+128
01D1                    KEYWRD5:
01D1  82454EC4          	DB	KEYEND, 'EN', 'D'+128
01D5  8C454C53 C5       	DB	KEYELS, 'ELS', 'E'+128
01DA  9A454449 D4       	DB	KEYEDI, 'EDI', 'T'+128
01DF  BD4558D0          	DB	KEYEXP, 'EX', 'P'+128
01E3  C25553D2          	DB	KEYUSR, 'US', 'R'+128
01E7  4E555050 4552A4   	DB	KEYUPR-80H, 'UPPER', '$'+128

                        ;
                        ;  Page 11
                        ;

01EE                    KEYWRD6:
01EE  83464FD2          	DB	KEYFOR, 'FO', 'R'+128
01F2  A746CE            	DB	KEYFN, 'F', 'N'+128
01F5  C34652C5          	DB	KEYFRE, 'FR', 'E'+128
01F9  495641CC          	DB	KEYVAL-80H, 'VA', 'L'+128
01FD                    KEYWRD7:
01FD  89474F54 CF       	DB	KEYGTO, 'GOT', 'O'+128
0202  8E474F53 55C2     	DB	KEYGSB, 'GOSU', 'B'+128
0208  15574149 D4       	DB	KEYWAI-80H, 'WAI', 'T'+128
020D                    KEYWRD8:
020D  CC484558 A4       	DB	KEYHEX, 'HEX', '$'+128
0212  4D484558 D6       	DB	KEYHXV-80H, 'HEX', 'V'+128
0217                    KEYWRD9:
0217  85494E50 55D4     	DB	KEYINPT, 'INPU', 'T'+128
021D  8B49C6            	DB	KEYIF, 'I', 'F'+128
0220  B8494ED4          	DB	KEYINT, 'IN', 'T'+128
0224  52494E53 54D2     	DB	KEYINS-80H, 'INST', 'R'+128
022A                    KEYWRDA:
022A  2CAA              	DB	KEYMUL-80H, '*'+128
022C                    KEYWRDB:
022C  2AAB              	DB	KEYADD-80H, '+'+128
022E                    KEYWRDC:
022E  884C45D4          	DB	KEYLET, 'LE', 'T'+128
0232  994C4953 D4       	DB	KEYLIS, 'LIS', 'T'+128
0237  9C4C4F41 C4       	DB	KEYCLD, 'LOA', 'D'+128
023C  A44C494E C5       	DB	KEYLINE, 'LIN', 'E'+128
0241  B6BC              	DB	KEYLT, '<'+128
0243  BC4C4FC7          	DB	KEYLOG, 'LO', 'G'+128
0247  C74C45CE          	DB	KEYLEN, 'LE', 'N'+128
024B  4F4C4546 54A4     	DB	KEYLFT-80H, 'LEFT', '$'+128
0251                    KEYWRDD:
0251  ABAD              	DB	KEYSUB, '-'+128
0253  AE4D4FC4          	DB	KEYMOD, 'MO', 'D'+128
0257  B24D41D8          	DB	KEYMAX, 'MA', 'X'+128
025B  B34D49CE          	DB	KEYMIN, 'MI', 'N'+128

                        ;
                        ;  Page 12
                        ;

025F  B5BD              	DB	KEYEQ, '='+128
0261  C64D45CD          	DB	KEYMEM, 'ME', 'M'+128
0265  514D4944 A4       	DB	KEYMID-80H, 'MID', '$'+128
026A                    KEYWRDE:
026A  844E4558 D4       	DB	KEYNEX, 'NEX','T'+128
026F  9E4E45D7          	DB	KEYNEW, 'NE','W'+128
0273  A84E4FD4          	DB	KEYNOT, 'NO','T'+128
0277  AFDE              	DB	KEYEXPT, '^'+128
0279  34BE              	DB	KEYGT-80H, '>'+128
027B                    KEYWRDF:
027B  96BF              	DB	KEYPRT, '?'+128
027D  914FCE            	DB	KEYON, 'O', 'N'+128
0280  A94F46C6          	DB	KEYOFF, 'OF', 'F'+128
0284  ADAF              	DB	KEYDIV, '/'+128
0286  314FD2            	DB	KEYOR-80H, 'O', 'R'+128

                        ;
                        ;  Page 13

0289                    ERRN:					;ERROR CODES
0289                    ERRNCN:
0289  434F4E54 494E5545 	DB	'CONTINUE',0		;CONTINUE ERROR
0291  00
0292                    ERRNSL:
0292  44455649 434500   	DB	'DEVICE',0		;SAVE/LOAD DEVICE ERROR
0299                    ERRNDD:
0299  44494D45 4E53494F 	DB	'DIMENSION',0		;DOUBLE DIMENSION
02A1  4E00
02A3                    ERRNID:
02A3  44495245 435400   	DB	'DIRECT',0		;ILLEGAL DIRECT
02AA                    ERRND0:
02AA  44495649 44452042 	DB	'DIVIDE BY 0',0		;DIVISION BY ZERO
02B2  59203000
02B6                    ERRNFC:
02B6  46554E43 54494F4E 	DB	'FUNCTION CALL',0	;FUNCTION CALL
02BE  2043414C 4C00
02C4                    ERRNLS:
02C4  4C4F4E47 20535452 	DB	'LONG STRING',0		;LONG STRING
02CC  494E4700
02D0                    ERRNOM:
02D0  4D454D4F 52592053 	DB	'MEMORY SPACE',0	;OUT OF MEMORY
02D8  50414345 00
02DD                    ERRNNF:
02DD  4E455854 20572F4F 	DB	'NEXT W/O FOR',0	;NEXT WITHOUT FOR
02E5  20464F52 00
02EA                    ERRNOD:
02EA  4F555420 4F462044 	DB	'OUT OF DATA',0		;OUT OF DATA
02F2  41544100
02F6                    ERRNOV:
02F6  4F564552 464C4F57 	DB	'OVERFLOW',0		;OVERFLOW
02FE  00
02FF                    ERRNRG:

                        ;
                        ;  Page 14
                        ;

02FF  5245544E 20572F4F 	DB	'RETN W/O GOSUB',0	;RETURN WITHOUT GOSUB
0307  20474F53 554200
030E                    ERRNOS:
030E  53545249 4E472053 	DB	'STRING SPACE',0	;OUT OF STRING SPACE
0316  50414345 00
031B                    ERRNST:
031B  53545249 4E472054 	DB	'STRING TEMPS',0	;STRING TEMPORARIES
0323  454D5053 00
0328                    ERRNBS:
0328  53554253 43524950 	DB	'SUBSCRIPT',0		;BAD SUBSCRIPT
0330  5400
0332                    ERRNSN:
0332  53594E54 415800   	DB	'SYNTAX',0		;SYNTAX ERROR
0339                    ERRNTM:
0339  54595045 00       	DB	'TYPE',0		;TYPE MISMATCH
033E                    ERRNUF:
033E  554E4446 4E442046 	DB	'UNDFND FUNCTION',0	;UNDEFINED FUNCTION
0346  554E4354 494F4E00
034E                    ERRNUS:
034E  554E4446 4E44204C 	DB	'UNDFND LINE',0		;UNDEFINED STATEMENT
0356  494E4500
035A                    ERRNUV:
035A  554E4446 4E442056 	DB	'UNDFND VARIABLE',0	;UNDEFINED VARIABLE
0362  41524941 424C4500
036A                    ERRNFI:
036A  46696C65 206E6F74 	DB	'File not Saved',0	;unknown file name
0372  20536176 656400

                        ;
                        ;  Page 15
                        ;

                        ;
                        ;  INTERPRETER VARIABLES
                        ;
                        ;            VARIABLES MARKED WITH SAME CHARACTER IN COLUMN 71
                        ;               ARE FIXED IN THAT ORDER.
                        ;


0379  01                p3010:	    db	1		;0 to print on 3010	
037A  00                REAINPFL:   DB	0		;READ/INPUT FLAG	
037B  00                PRINTFLG:   DB	0		;PRINT/NO PRINT FLAG	
037C  01                TRACEFLG:   DB	1		;TRACE/NO TRACE FLAG
037D  00                SCANPFLG:   DB	0		;SCAN/NOSCAN PARENTHESIS FLAG
037E  01                SCANPFLE:   DB	1		;ARRAY NAME FOR ERASE
      = 00AB            SCANPFLD    EQU	KEYS-'('	;NO ARRAY ELEMENTS WANTED
037F  00                MATSCCNT:   DB	0		;SUBSCRIPT COUNT
0380  00                MATDMFLG:   DB	0		;SCANNING FOR VAR/DIMENSION V
0381  00                TYPEFLG:    DB	0		;TYPE FLAG                  V
      = 0002            TYPEINTG    EQU	2		;TYPE OF INTEGER
      = 0003            TYPESTRG    EQU	3		;TYPE OF STRING
      = 0004            TYPESING    EQU	4		;TYPE OF SINGLE FLOATING POINT
      = 0008            TYPEDUBL    EQU	8		;TYPE OF DOUBLE FLOATING POINT
      = 0020            TYPEDEF     EQU	080H/4		;MARKING BIT FOR USER-FUNCTION


0382  00                STRGTMPL:   DB	0		;TEMP STRING DESCRIPTR, LEN  S
0383  0000              STRGTMPA:   DW	0		;TEMP STRING DESCRIPTR, ADDR S
0385  0000              SCANPTR1:   DW	0		;SCAN POINTER
0387  0000              SCANPTR2:   DW	0		;SCAN POINTER
0389  FFFF              CURLINE:    DW	-1		;CURRENT LINE NUMBER
038B  0000              CURLINES:   DW	0		;SAVED CURRENT LINE NUMBER
038D  A620              PROGCNTR:   DW	ENDINTRP+12	;CURRENT PROGRAM LOCATION
      = 038D            VARINDEX    EQU	PROGCNTR	;INDEX VARIABLE OF FOR
038F  0000              PROGCNTS:   DW	0		;SAVED CURRENT PROGRAMLOCATION
0391  0000              CURLDATA:   DW	0		;CURRENT DATA LINE NUMBER
0393  9A20              CURDATAP:   DW	ENDINTRP	;CURRENT DATA POINTER
0395  2D21              INPTBUFR:   DW	INITSTSP	;INPUT BUFFER ADDRESS
      = 0064            PREDREL	    EQU	064H		;PRECEDENCE OF RELATION
      = 0070            PREDNUM	    EQU	070H		;LOWER BNDRY OF NUM OP PREC.
      = 005A            PREDNOT	    EQU	05AH		;PRECEDENCE OF NOT OPERATOR
      = 007D            PREDUMIN    EQU	07DH		;PRECEDENCE OF UNARY MINUS
      = 009D            LINESYZE    EQU	79+78		;DEFAULT LINESYZE
      = 000E            ITEMSIZE    EQU	14		;DEFAULT WIDTH OF PRINT ITEM

                        ;
                        ;  Page 16
                        ;

                        ;
                        ;  MEMORY ALLOCATIN POINTERS
                        ;


                        ;
      = 8000            LIMLOWER   EQU	08000H
      = AF00            LIMUPPER   EQU	0AF00H
                        ;
                        ;  MEMORY LAYOUT
                        ;
                        ;  ENCODE BUFFER
                        ;  PROGRAM
                        ;  VARIABLES
                        ;  ARRAYS
                        ;  FREE SPACE  /  STACK (INCLUDING BUFFERS)
                        ;  FREE STRING SPACE
                        ;  STRINGS
                        ;  STRING TEMPORARIES
                        ;  FREE STRING TEMPORARIES
                        ;
0397  A720              PROGBASE:    DW	ENDINTRP+13	;BASE OF PROGRAM SPACE
0399  A920              VARTABLE:    DW	ENDINTRP+15	;BASE OF VARIABLE TABLE
039B  A920              MATTABLE:    DW	ENDINTRP+15	;BASE OF ARRAY TABLE
039D  A920              FREELIMT:    DW ENDINTRP+15	;LOWER LIMIT OF FREE SPACE
039F  0622              STCKBASE:    DW	INITSTCK	;BASE OF STACK
03A1  1022              STRGFREE:    DW	INITSTCK+10	;FIRST FREE STRING SPACE	
03A3  1022              STRGBASE:    DW	INITSTCK+10	;BASE OF STRING SPACE
03A5  1122              STRGTMPP:    DW	INITSTCK+11	;STRING TEMPORARY ALLOC PTR
03A7  1622              STRGTLIM:    DW	INITSTCK+10+2*3	;STRING TEMPORARY LIMIT


03A9  0000              ACCUMLTR:    DB	0,0		;ACCUMULATOR			A
03AB  00                FLACCMSB:    DB	0		;SIGN-BIT/HIGH-ORDER MANTISSA	A
03AC  00                FLACCEXP:    DB	0		;EXPONENT			A
03AD  00                FLACCSSV:    DB	0		;SAVED SIGN			A

03AE  01                NULLCNT:     DB 1		;# OF NULLS TO INSERT AFTER (CR)
03AF  01                CURSPOS:     DB	1		;CHARACTER CURSOR POSITION	C
03B0  63                CURSLIM:     DB 256-LINESYZE	;OUTPUT CURSOR LIMIT		C

03B1  00                FLSCR0:      DB	0		;FLOATING POINT SCRATCH AREA
03B2  01                FLSCR1:      DB 1
03B3  02                FLSCR2:      DB	2
03B4  03                FLSCR3:      DB	3

      = 03B1            INOTINS      EQU FLSCR0		;INPUT/OUTPUT INSTRUCTIONS
      = 00DB            OPCINP       EQU 0DBH		;INPUT INSTRUCTION
      = 00D3            OPCOUT       EQU 0D3H		;OUTPUT INSTRUCTION
      = 00C9            OPCRET       EQU 0C9H		;RETURN INSTRUCTION

03B5  52C74F80          RNDFCTSD:    DB  052h, 0c7h, 04fh, 080h   ;RANDOM SEED

                        ;
                        ; Page 17
                        ;

                        ;
                        ;
                        ;  GENERAL USE SUBROUTINES
                        ;
                        ;
                        ;  SCAN ONE CHARACTER AND CLASSIFY
                        ;
03B9                    SCANNXTV:
03B9  7E                	MOV	A,M		;SCAN CURRENT BYTE,
03BA  E3                	XTHL
03BB  BE                	CMP	M		;VERIFY MATCH,
03BC  23                	INX	H
03BD  E3                	XTHL
03BE  C2 0506           	JNZ	ERRASN		;SQUAWK ABOUT SYNTAX ERROR
03C1                    SCANNXT:
03C1  23                	INX	H		;SCAN FOR NEXT NON-BLANK CHAR
03C2  7E                	MOV	A,M		;C=NUMERIC CHARACTER
03C3  FE 3A             	CPI	':'		;Z=END OF STATEMENT
03C5  D0                	RNC
03C6  FE 20             	CPI	' '
03C8  CA C103           	JZ	SCANNXT
03CB  FE 30             	CPI	'0'
03CD  3F                	CMC
03CE  3C                	INR	A
03CF  3D                	DCR	A
03D0  C9                	RET

                        ;
                        ;  Page 18
                        ;

                        ;
                        ;  TEST FOR ALPHABETIC CHARACTER
                        ;
03D1                    ALPHACHK:
03D1  7E                	MOV	A,M		;TEST FOR ALPHABETIC CHARACTER
03D2                    ALPHACHA:
03D2  FE 7B             	CPI	'z'+1		;LOWER CASE
03D4  D0                	RNC
03D5  FE 61             	CPI	'a'		;LOWER CASE
03D7  D2 E103           	JNC	ALPHACHL
03DA  FE 5B             	CPI	'Z'+1		;C=ALPHABETIC
03DC  D0                	RNC
03DD  FE 41             	CPI	'A'		;UPPER CASE
03DF  3F                	CMC
03E0  C9                	RET
03E1                    ALPHACHL:
03E1  C6 E0             	ADI	'A'-'a'		;CONVERT LOWER TO UPPER
03E3  C9                	RET

                        ;
                        ;  MATCH CHARACTER OF BUFFER AGAINST CHARACTER IN A
                        ;
03E4                    CHARMTCH:
03E4  AE                	XRA	M		;MAKE MATCH TEST
03E5  C8                	RZ			;Z-SUCCESS]
03E6  FE 20             	CPI	'a'-'A'		;LOWER CASE - UPPER CASE
03E8  C0                	RNZ			;NOT LOWER-UPPER DIFFERENCE
03E9  CD D103           	CALL	ALPHACHK	;ALPHABETIC?
03EC  9F                	SBB	A
03ED  3C                	INR	A		;Z=C,S=0
03EE  C9                	RET

                        ;
                        ;  CHECK TYPE OF EXPRESSION	       LEN     CHAR
                        ;            RETURNS:  S => INTEGER	2	%
                        ;		       Z => STRING	3	$
                        ;		      PO => SINGLE	4	@
                        ;		      NC => DOUBLE	8	#
03EF                    TYPECHK:
03EF  3A 8103           	LDA	TYPEFLG
03F2                    TYPECHKA:
03F2  FE 05             	CPI	TYPESING+1
03F4  3D                	DCR	A
03F5  3D                	DCR	A
03F6  3D                	DCR	A
03F7  B7                	ORA	A
03F8  37                	STC
03F9  C9                	RET

                        ;
                        ;  Page 19
                        ;

                        ;
                        ;  SCAN A PAIR OF LINE NUMBER PARAMETERS
                        ;
03FA                    SCANLPRZ:
03FA  01 0000           	LXI	B,0		;DEFAULT SECOND IS FIRST
03FD                    SCANLPRM:
03FD  C4 2104           	CNZ	SCANLINN	;DEFAULT FIRST IS IN DE
0400  F5                	PUSH	PSW
0401  78                	MOV	A,B
0402  B1                	ORA	C		;ZERO DEFAULT IS FIRST PARAMETER
0403  C2 0804           	JNZ	SCANLPR1
0406  42                	MOV	B,D
0407  4B                	MOV	C,E
0408                    SCANLPR1:
0408  F1                	POP	PSW
0409  EB                	XCHG
040A  E3                	XTHL			;PUT FIRST ONTO STACK
040B  E5                	PUSH	H
040C  EB                	XCHG
040D  50                	MOV	D,B
040E  59                	MOV	E,C
040F  C8                	RZ
0410  FE AD             	CPI	KEYDIV		;SEPARATOR MUST BE '/'.
0412  CA 1A04           	JZ	SCANLPR2
0415  CD B903           	CALL	SCANNXTV	;bscan (val)
0418  2C                	DB	','		;   OR ','
0419  2B                	DCX	H
041A                    SCANLPR2:
041A  11 FFFF           	LXI	D,0FFFFH	;EMPTY SECOND OPERAND = END
041D  CD C103           	CALL	SCANNXT		;bscan ,
0420  C8                	RZ

                        ;
                        ;  SCAN A LINE NUMBER
                        ;
0421                    SCANLINN:
0421  2B                	DCX	H		;SCAN LINE # IN COMMAND/STATEMENT
0422                    SCANLINR:
0422  11 0000           	LXI	D,0		;DEFAULT LINE IS 0, INITIALIZE
0425                    SCANLINL:
0425  CD C103           	CALL	SCANNXT		;bscan ,
0428  D0                	RNC
0429  E5                	PUSH	H
042A  F5                	PUSH	PSW
042B  21 9819           	LXI	H,0FFFFH/10-1
042E  CD D704           	CALL	CMHLLTDE
0431  DA 0506           	JC	ERRASN
0434  62                	MOV	H,D
0435  6B                	MOV	L,E		;HL=10*DE
0436  19                	DAD	D
0437  29                	DAD	H
0438  19                	DAD	D
0439  29                	DAD	H
043A  F1                	POP	PSW
043B  D6 30             	SUI	'0'		;GET VALUE OF NEXT DIGIT

                        ;
                        ;  Page 20
                        ;

043D  5F                	MOV	E,A
043E  16 00             	MVI	D,000H
0440  19                	DAD	D		;AND ADD IT ON
0441  EB                	XCHG
0442  E1                	POP	H
0443  C3 2504           	JMP	SCANLINL

                        ;
                        ;  Page 21
                        ;

                        ;
                        ;  SEARCH FOR A GIVEN LINE NUMBER
                        ;
0446                    LINESRCH:
0446  2A 9703           	LHLD	PROGBASE	;LOOK FOR LINE NUMBER IN DE
0449                    LINESRCL:
0449  E5                	PUSH	H		;C=LINE FOUND
044A  CD 6304           	CALL	LINELINK	;BC=LINE LOCATION, IF FOUND
044D  CA 8608           	JZ	POPHLRET	;=NEXT LINE, IF NOT FOUND
0450  C5                	PUSH	B		;ADDRESS OF NEXT LINE
0451  7E                	MOV	A,M		;GET NUMBER OF CURRENT LINE
0452  23                	INX	H
0453  66                	MOV	H,M		;(from HL,MA)
0454  6F                	MOV	L,A
0455  CD D704           	CALL	CMHLLTDE
0458  E1                	POP	H		;HL=NEXT LINE
0459  C1                	POP	B
045A  3F                	CMC
045B  C8                	RZ
045C  D2 4904           	JNC	LINESRCL
045F  60                	MOV	H,B
0460  69                	MOV	L,C
0461  3F                	CMC
0462  C9                	RET

                        ;
                        ;  LINK TO NEXT LINE
                        ;
0463                    LINELINK:
0463  E5                	PUSH	H		;FIND ADDRESS OF NEXT LINE
0464  4E                	MOV	C,M		;Z=END OF PROGRAM
0465  23                	INX	H
0466  46                	MOV	B,M
0467  23                	INX	H
0468  E3                	XTHL
0469  09                	DAD	B		;ADD LENGTH TO ADDRESS
046A  E3                	XTHL
046B  78                	MOV	A,B
046C  B1                	ORA	C
046D  C1                	POP	B
046E  C9                	RET

                        ;
                        ;  Page 22
                        ;

                        ;
                        ;  INSERT/REPLACE LINE OF PROGRAM
                        ;
046F                    LINEINS:
046F  D5                	PUSH	D		;DE=LINE NUMBER
0470  D4 A706           	CNC	KEYSCAN		;C=ALREADY KEY-SCANNED
0473  CD C103           	CALL	SCANNXT		;bscan , NC=MUST BE KEY-SCANNED
0476  D1                	POP	D
0477  E5                	PUSH	H		;HL=TEXT TO INSERT
0478  D5                	PUSH	D
0479  C5                	PUSH	B		;BC=LENGTH OF TEXT
047A  F5                	PUSH	PSW		;Z=DELETE, NO REPLACE
047B  CD 4604           	CALL	LINESRCH	;LOOK FOR LINE
047E  C5                	PUSH	B		;SAVE LOCATION
047F  DC A904           	CC	LINEDEL		;DELETE IF PRESENT
0482  D1                	POP	D
0483  F1                	POP	PSW
0484  CA 8408           	JZ	POPHL3RT	;EXIT IF NOTHING MORE
0487  2A 9D03           	LHLD	FREELIMT	;PULL APART FOR NEW LINE
048A  E3                	XTHL
048B  C1                	POP	B
048C  E5                	PUSH	H
048D  09                	DAD	B
048E  CD DD04           	CALL	COPYCHK
0491  EB                	XCHG
0492  C1                	POP	B
0493  71                	MOV	M,C		;BEGINNING OF NEW LINE
0494  23                	INX	H
0495  70                	MOV	M,B
0496  23                	INX	H
0497  D1                	POP	D
0498  73                	MOV	M,E		;INSERT LINE NUMBER
0499  23                	INX	H
049A  72                	MOV	M,D
049B  23                	INX	H
049C  EB                	XCHG
049D  E1                	POP	H		;RECOVER TEXT POINTER
049E                    LINEINSL:
049E  7E                	MOV	A,M		;INSERT TEXT OF NEW LINE
049F  12                	STAX	D
04A0  23                	INX	H
04A1  13                	INX	D
04A2  B7                	ORA	A
04A3  C2 9E04           	JNZ	LINEINSL
04A6  C3 BF04           	JMP	LINEDELU


                        ;
                        ;  Page 23
                        ;

                        ;
                        ;  DELETE TEXT FROM PROGRAM
                        ;
04A9                    LINEDEL:
04A9  EB                	XCHG			;BC=BEGINNING OF TEXT TO REMOVE
04AA  79                	MOV	A,C
04AB  93                	SUB	E		;COMPUTE NETATIVE OF
04AC  6F                	MOV	L,A		;NUMBER OF BYTES DELETED
04AD  78                	MOV	A,B
04AE  9A                	SBB	D
04AF  67                	MOV	H,A
04B0  E5                	PUSH	H
04B1  2A 9D03           	LHLD	FREELIMT	;HL=BEGINNING OF TEXT SURVIVING
04B4                    LINEDELL:
04B4  1A                	LDAX	D
04B5  02                	STAX	B
04B6  03                	INX	B
04B7  13                	INX	D
04B8  CD D704           	CALL	CMHLLTDE
04BB  D2 B404           	JNC	LINEDELL
04BE  C1                	POP	B
04BF                    LINEDELU:
04BF  2A 9D03           	LHLD	FREELIMT	;UPDATE DATA POINTERS
04C2  09                	DAD	B		;BC=INCREMENT
04C3  22 9D03           	SHLD	FREELIMT
04C6  2A 9B03           	LHLD	MATTABLE
04C9  09                	DAD	B
04CA  22 9B03           	SHLD	MATTABLE
04CD  2A 9903           	LHLD	VARTABLE
04D0  09                	DAD	B
04D1  22 9903           	SHLD	VARTABLE
04D4  C3 5105           	JMP	CLEARPCN

                        ;
                        ;  MAKE SIXTEEN BIT COMPARISON
                        ;
04D7                    CMHLLTDE:
04D7  7C                	MOV	A,H		;COMPARE DE VS HL
04D8  92                	SUB	D		;C=HL<DE
04D9  C0                	RNZ
04DA  7D                	MOV	A,L
04DB  93                	SUB	E
04DC  C9                	RET

                        ;
                        ;  Page 24
                        ;

                        ;
                        ;  MOVE LONG TO HIGHER ADDRESS
                        ;
04DD                    COPYCHK:
04DD  CD FB04           	CALL	SPACECHK
04E0                    COPYTEXT:
04E0  C5                	PUSH	B		;COPY SECTION DE-BC TO AREA
04E1  E3                	XTHL			;ENDING AT HL
04E2  C1                	POP	B
04E3                    COPYTXTL:
04E3  CD D704           	CALL	CMHLLTDE
04E6  7E                	MOV	A,M
04E7  02                	STAX	B
04E8  C8                	RZ
04E9  0B                	DCX	B
04EA  2B                	DCX	H
04EB  C3 E304           	JMP	COPYTXTL

                        ;
                        ;  CHECK SPACE FOR STACK ALLOCATION
                        ;
04EE                    SPACESTK:
04EE  E5                	PUSH	H		;VERIFY STACK HAS ROOM ENOUGH
04EF  2A 9D03           	LHLD	FREELIMT	;C=NUMBER OF WORKS NEEDED
04F2  06 00             	MVI	B,000H
04F4  09                	DAD	B
04F5  09                	DAD	B
04F6  CD FB04           	CALL	SPACECHK
04F9  E1                	POP	H
04FA  C9                	RET

                        ;
                        ;  CHECK SPACE FOR PROGRAM OR VARIABLE ALLOCATION
                        ;
04FB                    SPACECHK:
04FB  D5                	PUSH	D		;CHECK THAT ENOUGH SPACE IS LEFT
04FC  EB                	XCHG			;ON STACK ABOVE HL
04FD  21 DAFF           	LXI	H,-38
0500  39                	DAD	SP
0501  CD D704           	CALL	CMHLLTDE
0504  EB                	XCHG
0505  D1                	POP	D
0506  D0                	RNC
0507                    ERRAOM:
0507  1E 47             	MVI	E,ERRNOM-ERRN
0509  C3 0706           	JMP	ERRMSG

                        ;
                        ;  Page 25
                        ;

                        ;
                        ;  RE-INITIALIZATION ROUTINES
                        ;
050C                    NEWSTM:
050C  C0                	RNZ			;NEW COMMAND
050D                    CLEARPGM:
050D  2A 9703           	LHLD	PROGBASE	;CLEAR PROGRAM
0510  AF                	XRA	A
0511  77                	MOV	M,A
0512  23                	INX	H
0513  77                	MOV	M,A
0514  23                	INX	H
0515                    NEWLOAD:
0515  22 9903           	SHLD	VARTABLE
0518                    CLEARSET:
0518  CD 5105           	CALL	CLEARPCN	;CLEAR PROGRAM POINTERS
051B                    CLEARVST:
051B  22 8D03           	SHLD	PROGCNTR	;UPDATE PROGRAM COUNTER
051E  CD 4105           	CALL	CLEARVAR	;CLEAR VARIABLES
0521                    CLEARSTK:
0521  C1                	POP	B		;RESET STACK,
0522  2A 9F03           	LHLD	STCKBASE
0525  F9                	SPHL
0526  21 60FF           	LXI	H,0-LINESYZE-3
0529  39                	DAD	SP
052A  F9                	SPHL			;CREATE INPUT BUFFER
052B  22 9503           	SHLD	INPTBUFR
052E  2A A303           	LHLD	STRGBASE	;CLEAR STRING TEMPORARIES,
0531  23                	INX	H
0532  22 A503           	SHLD	STRGTMPP
0535  21 0000           	LXI	H,0
0538  E5                	PUSH	H
0539  22 8F03           	SHLD	PROGCNTS	;SET NO CONTINUE
053C  2A 8D03           	LHLD	PROGCNTR
053F  C5                	PUSH	B
0540  C9                	RET

0541                    CLEARVAR:
0541  2A 9903           	LHLD	VARTABLE	;CLEAR ALL VARIABLES
0544  22 9B03           	SHLD	MATTABLE
0547  22 9D03           	SHLD	FREELIMT
054A  2A A303           	LHLD	STRGBASE
054D  22 A103           	SHLD	STRGFREE
0550  C9                	RET

0551                    CLEARPCN:
0551  21 0000           	LXI	H,0		;CLEAR PROGRAM POINTERS
0554  22 8F03           	SHLD	PROGCNTS
0557  2A 9703           	LHLD	PROGBASE
055A  2B                	DCX	H
055B  36 00             	MVI	M,0		;END OF LINE -1
055D  22 8D03           	SHLD	PROGCNTR
0560  AF                	XRA	A

                        ;
                        ;  Page 26
                        ;

                        ;
                        ;  RESTORE:  REWIND DATA STATEMENTS
                        ;
0561                    RESSTM:
0561  CA 7305           	JZ	RESSTMDF	;RESTORE STATEMENT
0564  CD 2104           	CALL	SCANLINN
0567  E5                	PUSH	H
0568  CD 4604           	CALL	LINESRCH
056B  D2 600B           	JNC	ERRAUS
056E  E1                	POP	H
056F  EB                	XCHG
0570  C3 7705           	JMP	RESSTMBU
0573                    RESSTMDF:
0573  EB                	XCHG			;DEFAULT IS RESTORE TO BEGINING
0574  2A 9703           	LHLD	PROGBASE
0577                    RESSTMBU:
0577  2B                	DCX	H		;BACK UP BEFORE LINE
0578                    RESDTPTR:
0578  22 9303           	SHLD	CURDATAP	;SET DATA POINTER
057B  EB                	XCHG
057C  C9                	RET

                        ;
                        ;  CLEAR:  CLEAR VARIABLES, REALLOCATE STRING SPACE
                        ;
057D                    CLRSTM:
057D  CA 1B05           	JZ	CLEARVST	;CLEAR STATEMENT
0580  CD 1D0C           	CALL	VALINTDE
0583  2B                	DCX	H		;bscan -
0584  CD C103           	CALL	SCANNXT		;bscan ,
0587  C0                	RNZ
0588  E5                	PUSH	H
0589  2A A303           	LHLD	STRGBASE
058C  7D                	MOV	A,L
058D  93                	SUB	E
058E  5F                	MOV	E,A
058F  7C                	MOV	A,H
0590  9A                	SBB	D
0591  57                	MOV	D,A
0592  DA 0506           	JC	ERRASN
0595  2A 9903           	LHLD	VARTABLE
0598  01 2800           	LXI	B,40
059B  09                	DAD	B
059C  CD D704           	CALL	CMHLLTDE
059F  D2 0705           	JNC	ERRAOM
05A2  EB                	XCHG
05A3  22 9F03           	SHLD	STCKBASE
05A6  E1                	POP	H
05A7  C3 1B05           	JMP	CLEARVST

                        ;
                        ;  Page 27
                        ;

                        ;
                        ;  LOW-LEVEL CHARACTER I/O ROUTINES
                        ;
05AA                    PRNTCHRI:
05AA  E3                	XTHL
05AB  7E                	MOV	A,M
05AC  23                	INX	H
05AD  E3                	XTHL
05AE                    PRNTCHRA:
05AE  F5                	PUSH	PSW		;TRANSMIT CHARACTER
05AF  3A 7B03           	LDA	PRINTFLG
05B2  B7                	ORA	A
05B3  C2 5515           	JNZ	POPAFRET
05B6  F1                	POP	PSW
05B7  F5                	PUSH	PSW
05B8  FE 20             	CPI	' '
05BA  DA CC05           	JC	PRNTCHRW
05BD  E5                	PUSH	H
05BE  2A AF03           	LHLD	CURSPOS		;LINE TOO LONG?
05C1  7C                	MOV	A,H
05C2  85                	ADD	L
05C3  7D                	MOV	A,L
05C4  E1                	POP	H
05C5  DC 5F0D           	CC	PRNTCRLF
05C8  3C                	INR	A
05C9  32 AF03           	STA	CURSPOS
05CC                    PRNTCHRW:
05CC  F1                	POP	PSW		;SEND CHARACTER
05CD  CD 4000           	CALL	SYSDISPL
05D0  C9                	RET

05D1                    INPTCHAR:
05D1  CD 1C00           	CALL	SYSKEYIN	;RECEIVE A CHARACTER
05D4  CA D105           	JZ	INPTCHAR	;WAIT FOR ONE
05D7  FE 0F             	CPI	SI
05D9  C0                	RNZ
05DA  3A 7B03           	LDA	PRINTFLG
05DD  2F                	CMA
05DE  32 7B03           	STA	PRINTFLG
05E1  C3 D105           	JMP	INPTCHAR

                        ;
                        ;  Page 28
                        ;

                        ;
                        ;  ERROR PROCESSING
                        ;
05E4                    MSGERROR:
05E4  20455252 4F5200   	DB	' ERROR',0
05EB                    MSGIN:
05EB  20494E20 00       	DB	' IN ',0
05F0                    MSGOK:
05F0  0D0A4F4B 0D0A00   	DB	CR,LF,'OK',CR,LF,0
05F7                    MSGBREAK:
05F7  0D0A4252 45414B00 	DB	CR,LF,'BREAK',0

05FF                    ERRDATA:
05FF  2A 9103           	LHLD	CURLDATA
0602  22 8903           	SHLD	CURLINE
0605                    ERRASN:
0605  1E A9             	MVI	E,ERRNSN-ERRN
0607                    ERRMSG:
0607  CD 2105           	CALL	CLEARSTK
060A  AF                	XRA	A
060B  32 7B03           	STA	PRINTFLG	;TURN ON PRINTING
060E  32 7D03           	STA	SCANPFLG	;ALLOW SUBSCRIPTING
0611  CD 5F0D           	CALL	PRNTCRLF
0614  21 8902           	LXI	H,ERRN
0617  57                	MOV	D,A
0618  CD AA05           	CALL	PRNTCHRI	;print (val)
061B  3F                	DB	'?'
061C  19                	DAD	D		;PRINT ERROR CODE
061D  CD C20D           	CALL	PRNTMSG
0620  21 E405           	LXI	H,MSGERROR
0623                    ERRMSGPR:
0623  CD C20D           	CALL	PRNTMSG
0626  2A 8903           	LHLD	CURLINE
0629  7C                	MOV	A,H
062A  A5                	ANA	L
062B  3C                	INR	A
062C  C4 711D           	CNZ	ERRMSGIN

                        ;
                        ;  Page 29
                        ;

                        ;
                        ;  COMMAND/LINE INPUT
                        ;
062F                    CMNDSTRT:
062F  AF                	XRA	A		;TOP LEVEL EXECUTIVE
0630  32 7B03           	STA	PRINTFLG	;TURN ON PRINTING
0633  32 7D03           	STA	SCANPFLG	;ALLOW SUBSCRIPTINT
0636  21 FFFF           	LXI	H,-1
0639  22 8903           	SHLD	CURLINE
063C  21 F005           	LXI	H,MSGOK
063F  CD C20D           	CALL	PRNTMSG		;REQUEST COMMAND
0642                    CMNDINPT:
0642  11 DD07           	LXI	D,MSGSTARS+2	;INPUT COMMAND
0645  CD 8107           	CALL	INPTRQST
0648  DA 4206           	JC	CMNDINPT
064B  CD C103           	CALL	SCANNXT		;bscan ,
064E  F5                	PUSH	PSW
064F  CD 2104           	CALL	SCANLINN	;SCAN OFF LINE NUMBER
0652  D5                	PUSH	D
0653  CD A706           	CALL	KEYSCAN		;SCAN STATEMENT
0656  D1                	POP	D
0657  F1                	POP	PSW
0658  D2 BA0A           	JNC	EXECUTE		;DIRECT IF NO LINE NUMBER
065B  CD 6F04           	CALL	LINEINS		;INSERT LINE AS REQUESTED
065E  C3 4206           	JMP	CMNDINPT

0661                    CMNDRSTR:
0661  CD 2105           	CALL	CLEARSTK	;ENTRY FOR RESTARTING
0664  CD 5F0D           	CALL	PRNTCRLF
0667  21 190E           	LXI	H,MSGREDO+11	;TELL HIM WE'RE STARTING
066A  C3 2306           	JMP	ERRMSGPR

                        ;
                        ;  Page 30
                        ;

                        ;
                        ;  AUTOMATIC LINE-NUMBERED INPUT
                        ;
066D                    AUTSTMIN:
066D  D5                	PUSH	D		;SAVE LINE NUMBER
066E  CD 6F04           	CALL	LINEINS		;INSERT LINE
0671  E1                	POP	H		;RECOVER LINE NUMBER,
0672  D1                	POP	D		;INCREMENT
0673  19                	DAD	D
0674  DA 6C1A           	JC	ERRAOV
0677  C3 8B06           	JMP	AUTSTMN
067A                    AUTSTM:
067A  C1                	POP	B		;REMOVE CALLER
067B                    AUTSTMS:
067B  11 E803           	LXI	D,1000		;DEFAULT STARTING LINE NUMBER
067E  01 6400           	LXI	B,100		;DEFAULT INCREMENT VALUE
0681  CD FD03           	CALL	SCANLPRM	;SCAN PARAMETERS
0684  C2 0506           	JNZ	ERRASN
0687  E1                	POP	H
0688  CD 5F0D           	CALL	PRNTCRLF
068B                    AUTSTMN:
068B  D5                	PUSH	D		;SAVE INCREMENT
068C  E5                	PUSH	H		;AND NEXT LINE NUMBER
068D  CD 7E1D           	CALL	ENCODEHL	;PROMPT WITH LINE NUMBER
0690  EB                	XCHG
0691  13                	INX	D
0692  CD 8107           	CALL	INPTRQST
0695  D1                	POP	D
0696  DA A006           	JC	AUTSTMBR
0699  CD C103           	CALL	SCANNXT		;bscan ,
069C  D2 6D06           	JNC	AUTSTMIN
069F  3F                	CMC
06A0                    AUTSTMBR:
06A0  D1                	POP	D		;TAKE A BREAK
06A1  DA 2F06           	JC	CMNDSTRT	;END OF AUTO
06A4  C3 7B06           	JMP	AUTSTMS		;GET NEW LINE NUMBER, INCREMENT

                        ;
                        ;  Page 31
                        ;

                        ;
                        ;  LEXICAL SCANNER / KEYWORD RECOGNITION
                        ;
06A7                    KEYSCAN:
06A7  0E 05             	MVI	C,5		;SCAN INPUT LINE FOR KEYWORDS,
06A9  54                	MOV	D,H		;CONDENSE LINE ON TOP OF SELF
06AA  5D                	MOV	E,L
06AB  2B                	DCX	H		;bscan -
06AC  E5                	PUSH	H
06AD  CD C103           	CALL	SCANNXT		;bscan +
06B0                    KEYSCANL:
06B0  7E                	MOV	A,M
06B1  FE 20             	CPI	' '
06B3  CA 4007           	JZ	KEYSCANH	;DELETE BLANKS
06B6  47                	MOV	B,A
06B7  FE 22             	CPI	'"'
06B9  CA 3607           	JZ	KEYSCANI	;SWALLOW WHOLE STRING
06BC  B7                	ORA	A
06BD  CA 4407           	JZ	KEYSCANX
06C0  FE 30             	CPI	'0'		;NON-KEYWORD
06C2  DA CA06           	JC	KEYSCANK
06C5  FE 3C             	CPI	'<'		;   SO WE DON'T SCAN
06C7  DA 3D07           	JC	KEYSCANP
06CA                    KEYSCANK:
06CA  C5                	PUSH	B		;SCAN FOR MATCHING KEYWORD
06CB  D5                	PUSH	D
06CC  E5                	PUSH	H
06CD  E6 0F             	ANI	00FH		;HASH CHARACTER
06CF  5F                	MOV	E,A
06D0  16 00             	MVI	D,0
06D2  21 FA00           	LXI	H,KEYWADDS	;ADDRESS C'SPONDING KEYWORDS
06D5  19                	DAD	D
06D6  19                	DAD	D
06D7  5E                	MOV	E,M
06D8  23                	INX	H
06D9  56                	MOV	D,M
06DA  EB                	XCHG
06DB  C3 0907           	JMP	KEYSCANB

06DE                    KEYSCANZ:
06DE  1A                	LDAX	D
06DF  B7                	ORA	A
06E0  F2 E906           	JP	KEYSCANN
06E3                    KEYSCANM:
06E3  78                	MOV	A,B		;MATCH, GET SYMBOL NUMBER
06E4  F6 80             	ORI	080H
06E6  C3 1407           	JMP	KEYSCANF
06E9                    KEYSCANN:
06E9  23                	INX	H		;ADDRESS NEXT CHAR IN LINE
06EA  13                	INX	D
06EB  0C                	INR	C
06EC                    KEYSCANC:
06EC  1A                	LDAX	D		;COMPARE LINE WITH KEYWORD
06ED  E6 7F             	ANI	07FH
06EF  CD E403           	CALL	CHARMTCH	;COMPARE CHARACTERS

                        ;
                        ;  Page 32
                        ;

06F2  CA DE06           	JZ	KEYSCANZ
06F5  79                	MOV	A,C		;MATCH ENOUGH YET?
06F6  FE 03             	CPI	3
06F8  DA 0207           	JC	KEYSCANA

06FB  CD D103           	CALL	ALPHACHK	;STOP ON BREAK CHAR OK
06FE  2B                	DCX	H
06FF  D2 E306           	JNC	KEYSCANM
0702                    KEYSCANA:
0702  EB                	XCHG
0703                    KEYSCANW:
0703  B6                	ORA	M		;SKIP OVER REST OF KEYWORD
0704  23                	INX	H
0705  F2 0307           	JP	KEYSCANW
0708  A8                	XRA	B
0709                    KEYSCANB:
0709  46                	MOV	B,M		;GET CODE FOR KEYWORD
070A  23                	INX	H
070B  EB                	XCHG
070C  E1                	POP	H		;RESTORE STARTING POSITION
070D  E5                	PUSH	H
070E  0E 00             	MVI	C,0
0710  F2 EC06           	JP	KEYSCANC
0713  7E                	MOV	A,M		;NO MATCH, GET CHARACTER
0714                    KEYSCANF:
0714  D1                	POP	D		;RECOVER OUTPUT POINTER
0715  D1                	POP	D
0716  C1                	POP	B
0717  06 3A             	MVI	B,':'		;CHECK SPECIAL PROCESSING
0719  FE 8C             	CPI	KEYELS
071B  C2 2307           	JNZ	KEYSCAND
071E  EB                	XCHG
071F  70                	MOV	M,B		;INSERT COLON BEFORE ELSE
0720  EB                	XCHG
0721  13                	INX	D
0722  0C                	INR	C
0723                    KEYSCAND:
0723  FE 80             	CPI	KEYDAT
0725  CA 3607           	JZ	KEYSCANI
0728  06 00             	MVI	B,0
072A  FE 81             	CPI	KEYREM
072C  CA 3607           	jz	keyscani
072F  FE 9C             	cpi	keycld		;pass file name in load and save
0731  CA 3607           	jz	keyscani
0734  FE 9D             	cpi	keycsv
0736                    KEYSCANI:
0736  CC 4C07           	CZ	KEYSCANV
0739  B7                	ORA	A
073A  CA 4407           	JZ	KEYSCANX
073D                    KEYSCANP:
073D  12                	STAX	D		;INSERT SYMBOL IN MEMORY
073E  13                	INX	D
073F  0C                	INR	C
0740                    KEYSCANH:
0740  23                	INX	H
0741  C3 B006           	JMP	KEYSCANL

                        ;
                        ;  Page 33
                        ;

0744                    KEYSCANX:
0744  E1                	POP	H		;EXIT KEYWORD TRANSLATION
0745  12                	STAX	D		;END OF STATEMENT
0746  13                	INX	D
0747  12                	STAX	D		;END OF 'PROGRAM'
0748  13                	INX	D
0749  12                	STAX	D
074A  47                	MOV	B,A		;LENGTHIN BC
074B  C9                	RET

                        ;
                        ;  COPY BUFFER TEXT WITHOUT PROCESSING
                        ;
074C                    KEYSCANV:
074C  12                	STAX	D		;COPY TEXT VERBATIM TO STOPPER
074D  0C                	INR	C
074E  13                	INX	D
074F  23                	INX	H
0750  7E                	MOV	A,M
0751  B7                	ORA	A
0752  C8                	RZ
0753  B8                	CMP	B
0754  C8                	RZ
0755  FE 22             	CPI	'"'		;STRING WITHIN TEXT?
0757  C2 4C07           	JNZ	KEYSCANV
075A  C5                	PUSH	B
075B  47                	MOV	B,A
075C  CD 4C07           	CALL	KEYSCANV
075F  F1                	POP	PSW
0760  47                	MOV	B,A
0761  7E                	MOV	A,M
0762  B7                	ORA	A		;STRING TERMINATE ON END OF LINE?
0763  C8                	RZ
0764  C3 4C07           	JMP	KEYSCANV

                        ;
                        ;  Page 34
                        ;

                        ;
                        ;  LINE INPUT ROUTINE
                        ;
0767                    INPTLNBS:
0767  2B                	DCX	H		;DELETE A CHARACTER FROM INPUT
0768  05                	DCR	B
0769  CA 7407           	JZ	INPTLNRD
076C  CD AA05           	CALL	PRNTCHRI	;print (val)
8k.a85:1435: *** Error:  Missing close quote ***
076F  27                	DB	'\'
0770  0C                	inr	c		;char count
0771  C3 9007           	JMP	INPTLINL
0774                    INPTLNRD:
0774  21 DB07           	LXI	H,MSGSTARS	;BREAK ENTERED
0777  CD C20D           	CALL	PRNTMSG		;TELL HIM WE GOT IT
077A  05                	DCR	B		;BREAK AT BEGINNING MEANS BREAK
077B  CA D007           	JZ	INPTEXIT

077E                    INPTCRLF:
077E  CD 5F0D           	CALL	PRNTCRLF	;ON THE NEXT LINE
0781                    INPTRQST:
0781  62                	MOV	H,D
0782  6B                	MOV	L,E		;PRINT USER'S PROMPT MESSAGE
0783  CD C20D           	CALL	PRNTMSG
0786  2A 9503           	LHLD	INPTBUFR	;INPUT A LINE FROM RECEIVER
0789  01 0001           	LXI	B,1*256
078C  CD AA05           	CALL	PRNTCHRI	;print (val)
078F  20                	DB	' '		;OK, WE'RE READY FOR INPUT
0790                    INPTLINL:
0790  36 00             	MVI	M,0		;MAINTAIN ENDING ZERO
0792  CD D105           	CALL	INPTCHAR
0795                    INPTLINC:
0795  FE 07             	CPI	BEL
0797  CA B307           	JZ	INPTLNST	;BELL'S OK
079A  FE 0D             	CPI	CR
079C  CA CC07           	JZ	INPTCRTN	;CARRIAGE RTN IS END OF LINE
079F  FE 08             	CPI	BS
07A1  CA 6707           	JZ	INPTLNBS	;BACKSPACE IS DELETE
07A4  FE 03             	CPI	ETX		;CONTROL C IS ABORT
07A6  CA 7407           	JZ	INPTLNRD	;FORGET THIS LINE, START OVER
07A9  FE 0C             	CPI	FF		;FORM FEEDS ARE ECHOED
07AB  CA C607           	JZ	INPTLNEC
07AE  FE 20             	CPI	' '
07B0  DA 9007           	JC	INPTLINL	;IGNORE OTHER CONTROL CHARS

                        ;
                        ;  Page 35
                        ;

07B3                    INPTLNST:
07B3  77                	MOV	M,A		;STORE THE CHARACTER
07B4  78                	MOV	A,B
07B5  FE 9D             	CPI	LINESYZE
07B7  3E 07             	MVI	A,BEL
07B9  D2 C607           	JNC	INPTLNEC
07BC  04                	INR	B
07BD  B1                	ORA	C
07BE  4E                	MOV	C,M
07BF  23                	INX	H
07C0  3E 0A             	MVI	A,LF
07C2  FC AE05           	CM	PRNTCHRA
07C5  79                	MOV	A,C
07C6                    INPTLNEC:
07C6  CD AE05           	CALL	PRNTCHRA	;ac -> screen  ;ECHO CHARACTER
07C9  C3 9007           	JMP	INPTLINL
07CC                    INPTCRTN:
07CC  05                	DCR	B		;CARRIAGE RETURN AT BEGINNING
07CD  CA 7E07           	JZ	INPTCRLF	;GETS ANOTHER TURN
07D0                    INPTEXIT:
07D0  2A 9503           	LHLD	INPTBUFR
07D3  2B                	DCX	H
07D4  CD 5F0D           	CALL	PRNTCRLF
07D7  90                	SUB	B		;SET CONDITION CODES
07D8  3F                	CMC
07D9  9F                	SBB	A		;NS=NC=Z = NON-EMPTY LINE
07DA  C9                	RET

07DB                    MSGSTARS:
07DB  2A2A2A00          	DB	'***',0

                        ;
                        ;  Page 36
                        ;

                        ;
                        ;  SET OPTIONS COMMAND
                        ;
07DF                    SETSTM:
07DF  CA 0506           	JZ	ERRASN		;TURN OPTION ON OR OFF
07E2  FE 99             	CPI	KEYLIS
07E4  CA 0908           	JZ	SETSTMLS
07E7  F5                	PUSH	PSW		;SAVE OPTION
07E8  CD C103           	CALL	SCANNXT		;bscan ,
07EB  CA 0506           	JZ	ERRASN
07EE  D6 91             	SUI	KEYON
07F0  47                	MOV	B,A		;SAVE FLAG
07F1  CD C103           	CALL	SCANNXT		;bscan +
07F4  F1                	POP	PSW		;WHICH OPTION
07F5  FE 89             	CPI	KEYGTO
07F7  CA 0408           	JZ	SETSTMGT	;GOTO
07FA  FE 96             	CPI	KEYPRT
07FC  C2 0506           	JNZ	ERRASN
07FF                    SETSTMPR:
07FF  78                	MOV	A,B
0800  32 7903           	sta	p3010		;used to be printflg **
0803  C9                	RET
0804                    SETSTMGT:
0804  78                	MOV	A,B
0805  32 7C03           	STA	TRACEFLG
0808  C9                	RET
0809                    SETSTMLS:
0809  23                	INX	H
080A  CD 420C           	CALL	VALBYTE
080D  2F                	CMA			;FIND NEGATIVE OF BYTE
080E  3C                	INR	A
080F  32 B003           	STA	CURSLIM
0812  C9                	RET

                        ;
                        ;  DELETE COMMAND PROCESSOR
                        ;
0813                    DELSTM:
0813  11 FFFF           	LXI	D,0FFFFH	;DELETE COMMAND
0816  CD FA03           	CALL	SCANLPRZ
0819  E3                	XTHL			;SAVE SCAN POINTER
081A  EB                	XCHG
081B  CD D704           	CALL	CMHLLTDE	;VERITY  FIRST<=LAST
081E  DA 0506           	JC	ERRASN
0821  E5                	PUSH	H
0822  CD 4604           	CALL	LINESRCH	;LOOK FOR FIRST LINE
0825  D1                	POP	D
0826  C5                	PUSH	B
0827  CD 4604           	CALL	LINESRCH	;LOOK FOR LAST LINE
082A  C1                	POP	B
082B  CD A904           	CALL	LINEDEL
082E  E1                	POP	H
082F  C9                	RET

                        ;
                        ; Page 37
                        ;

                        ;
                        ;  LIST COMMAND PROCESSOR
                        ;
0830                    LISSTM:
0830  11 0000           	LXI	D,0		;LIST COMMAND
0833  01 FFFF           	LXI	B,0FFFFH	;TOTAL DEFAULT IS ENTIRE FILE
0836  CA 3C08           	JZ	LISSTMSC
0839  01 0000           	LXI	B,0		;ELSE DEFAULT IS ONLY ONE LINE
083C                    LISSTMSC:
083C  CD FD03           	CALL	SCANLPRM	;SCAN LINE PARAMETERS
083F  C2 0506           	JNZ	ERRASN
0842  E3                	XTHL
0843  EB                	XCHG
0844  E5                	PUSH	H
0845  CD 4604           	CALL	LINESRCH
0848  C5                	PUSH	B
0849                    LISSTMLP:
0849  C1                	POP	B		;MOVE ON TO NEXT LINE
084A  D1                	POP	D
084B  E1                	POP	H
084C  CD 5400           	CALL	SYSBREAK	;ALLOW BREAK
084F  CA E20A           	JZ	EXECUTEB
0852  C5                	PUSH	B
0853  E3                	XTHL
0854  CD 6304           	CALL	LINELINK
0857  CA 8608           	JZ	POPHLRET	;END OF PROGRAM, QUIT
085A  D5                	PUSH	D
085B  C5                	PUSH	B
085C  E5                	PUSH	H		;SAVE TEXT FOR LATER
085D  4E                	MOV	C,M		;FETCH LINE NUMBER
085E  23                	INX	H
085F  46                	MOV	B,M
0860  60                	MOV	H,B
0861  69                	MOV	L,C
0862  EB                	XCHG
0863  CD D704           	CALL	CMHLLTDE
0866  DA 8308           	JC	LISSTMXT	;LAST LINE REACHED?
0869  CD 5F0D           	CALL	PRNTCRLF	;LIST CURRENT LINE
086C  EB                	XCHG
086D  CD 791D           	CALL	PRINTINT	;PRINT LINE NUMBER
0870  CD AA05           	CALL	PRNTCHRI	;print (val)
0873  20                	DB	' '		;FOLLOWED BY BLANK
0874  E1                	POP	H
0875  CD 8808           	CALL	LISEDIXP	;EXPAND TEXT
0878  CD C20D           	CALL	PRNTMSG		;AND PRINT IT
087B  21 A000           	LXI	H,0+LINESYZE+3
087E  39                	DAD 	SP
087F  F9                	SPHL			;DEALLOCATE EXPANDED TEXT
0880  C3 4908           	JMP	LISSTMLP

                        ;
                        ;  Page 38
                        ;
0883                    LISSTMXT:
0883  E1                	POP	H
0884                    POPHL3RT:
0884  E1                	POP	H
0885  E1                	POP	H
0886                    POPHLRET:
0886  E1                	POP	H
0887  C9                	RET


                        ;
                        ;  EXPAND KEYWORDS IN LINE / INVERSE OF KEYSCAN
                        ;
0888                    LISEDIXP:
0888  0E 4E             	MVI	C,LINESYZE/2	;SPACE ENOUGH TO EXPAND LINE?
088A  CD EE04           	CALL	SPACESTK
088D  EB                	XCHG			;SAVE POINTER TO LINE TO EXPAND
088E  C1                	POP	B		;AND CALLER
088F  21 60FF           	LXI	H,0-LINESYZE-3
0892  39                	DAD	SP
0893  F9                	SPHL			;CREATE TEXT BUFFER ON STACK
0894  C5                	PUSH	B		;PUT BACK CALLER
0895  EB                	XCHG
0896  23                	INX	H
0897  23                	INX	H		;plus 2
0898  E5                	PUSH	H		;SAVE TEXT POINTER
0899  21 0400           	LXI	H,4		;CREATE POINTER TO EXPAND TEXT
089C  39                	DAD	SP
089D  EB                	XCHG
089E  06 9D             	MVI	B,LINESYZE	;INITIALIZE LENGTH COUNTER
08A0  C3 A608           	JMP	LISEDIKD
08A3                    LISEDISC:
08A3  CD F308           	CALL	LISEDIST	;STUFF ONE CHARACTER OF LINE
08A6                    LISEDIKD:
08A6  E1                	POP	H		;DO REST OF LINE
08A7  7E                	MOV	A,M
08A8                    LISEDINC:
08A8  23                	INX	H
08A9  FE 3A             	CPI	':'
08AB  C2 B608           	JNZ	LISEDIKT
08AE  7E                	MOV	A,M
08AF  FE 8C             	CPI	KEYELS		;:ELSE BECOMES ELSE
08B1  CA A808           	JZ	LISEDINC
08B4  3E 3A             	MVI	A,':'
08B6                    LISEDIKT:
08B6  A7                	ANA	A		;MOVE HIGH ORDER INTO S-FLAG
08B7  CA FA08           	JZ	LISEDIXT
08BA  E5                	PUSH	H
08BB  F2 A308           	JP	LISEDISC
08BE  4F                	MOV	C,A

                        ;
                        ;  Page 39
                        ;

08BF  21 A0A3           	LXI	H,KEYLSBH*256+KEYLSBL
08C2  CD ED08           	CALL	LISEDISB	;OPTIONAL BLANK BEFORE KEYWORD
08C5  21 1A01           	LXI	H,KEYWORDS	;SEARCH FOR KEYWORD
08C8  C3 D008           	JMP	LISEDIKS
08CB                    LISEDIKL:
08CB  B6                	ORA	M
08CC  23                	INX	H
08CD  F2 CB08           	JP	LISEDIKL
08D0                    LISEDIKS:
08D0  7E                	MOV	A,M		;FETCH KEYWORD NUMBER
08D1  F6 80             	ORI	080H
08D3  23                	INX	H
08D4  A9                	XRA	C
08D5  C2 CB08           	JNZ	LISEDIKL
08D8                    LISEDIKY:
08D8  7E                	MOV	A,M		;EXPAND KEYWORD
08D9  07                	RLC
08DA  A7                	ANA	A		;HIGH-ORDER TO CARRY
08DB  1F                	RAR
08DC  CD F308           	CALL	LISEDIST	;STUFF THIS CHARACTER
08DF  23                	INX	H
08E0  D2 D808           	JNC	LISEDIKY	;DO THEM ALL
08E3  79                	MOV	A,C
08E4  21 82A5           	LXI	H,KEYLSAH*256+KEYLSAL
08E7  CD ED08           	CALL	LISEDISB	;OPTIONAL BLANK AFTER KEYWORD
08EA  C3 A608           	JMP	LISEDIKD

08ED                    LISEDISB:
08ED  BD                	CMP	L		;INSERT BLANK IN LINE IF
08EE  D8                	RC			;L <= A < H
08EF  BC                	CMP	H
08F0  D0                	RNC
08F1  3E 20             	MVI	A,' '		;GENERATE BLANK
08F3                    LISEDIST:
08F3  12                	STAX	D
08F4  13                	INX	D
08F5  05                	DCR	B
08F6  C0                	RNZ			;TRUNCATE TOO LONG A LINE
08F7  04                	INR	B
08F8  2B                	DCX	H
08F9  C9                	RET

08FA                    LISEDIXT:
08FA  12                	STAX	D
08FB  3E 9E             	MVI	A,LINESYZE+1	;COMPUTE LENGTH OF OUTPUT
08FD  90                	SUB	B
08FE  47                	MOV	B,A
08FF  21 0200           	LXI	H,2		;CREATE POINTER TO EXPAND TEXT
0902  39                	DAD	SP
0903  C9                	RET			;AND RETURN

                        ;
                        ;  Page 40
                        ;

                        ;
                        ;  EDIT COMMAND PROCESSOR
                        ;
0904                    EDISTM:
0904  11 0000           	LXI	D,0		;SCAN PARAMETERS
0907  CD FA03           	CALL	SCANLPRZ
090A  E3                	XTHL			;SAVE SCAN,
090B  22 8503           	SHLD	SCANPTR1	;AND OUTPUT LINE NUMBER
090E  CD 4604           	CALL	LINESRCH	;LOOK UP LINE
0911  D2 600B           	JNC	ERRAUS		;NOT FOUND...
0914  60                	MOV	H,B
0915  69                	MOV	L,C
0916  23                	INX	H
0917  23                	INX	H		;plus 2
0918  CD 8808           	CALL	LISEDIXP	;EXPAND LINE
091B  2A 8503           	LHLD	SCANPTR1	;RECOVER LINE NUMBER
091E  E5                	PUSH	H
091F                    EDISTMLS:
091F  CD D209           	CALL	EDISTMCR	;GIVE HIM A LOOK AT IT
0922  CD C20D           	CALL	PRNTMSG		;PRINT COPY OF TEXT
0925  CD D209           	CALL	EDISTMCR	;A NEW EDIT LINE
0928  0E 01             	MVI	C,1		;POSITION COUNTER
092A                    EDISTMNX:
092A  CD E709           	CALL	EDISTMCH	;OK MASTER, TELL ME WHAT TO DO
092D  FE 20             	CPI	' '		;MOVE ALONG
092F  CA 4C09           	JZ	EDISTMAD
0932  CD D203           	CALL	ALPHACHA	;CONVERT LOWER TO UPPER
0935  FE 44             	CPI	'D'		;DELETE
0937  CA 5709           	JZ	EDISTMDL
093A  FE 49             	CPI	'I'		;INSERT
093C  CA 7009           	JZ	EDISTMIN
093F  FE 52             	CPI	'R'		;REPLACE
0941  CA 8E09           	JZ	EDISTMRP
0944                    EDISTMER:
0944  3E 07             	MVI	A,BEL		;SQUAWK ABOUT ERROR
0946                    EDISTMEC:
0946  CD AE05           	CALL	PRNTCHRA	;ac -> screen
0949  C3 2A09           	JMP	EDISTMNX

                        ;  ADVANCE
                        ;
094C                    EDISTMAD:
094C  79                	MOV	A,C
094D  B8                	CMP	B		;CAN WE STILL ADVANCE?
094E  D2 4409           	JNC	EDISTMER
0951  0C                	INR	C		;ADVANCE POSITION COUNTER
0952  7E                	MOV	A,M
0953  23                	INX	H		;PRINT CHARACTER PASSED OVER
0954  C3 4609           	JMP	EDISTMEC

                        ;
                        ;  Page 41
                        ;

                        ;  DELETE
                        ;
0957                    EDISTMDL:
0957  79                	MOV	A,C
0958  B8                	CMP	B		;ANYTHING TO DELETE?
0959  D2 4409           	JNC	EDISTMER
095C  05                	DCR	B		;DECREASE CHARACTER COUNT
095D  E5                	PUSH	H		;SAVE CURRENT POSITION
095E  7E                	MOV	A,M
095F  CD AE05           	CALL	PRNTCHRA	;LIST CHARACTER DELETED
0962  54                	MOV	D,H
0963  5D                	MOV	E,L
0964                    EDISTMDM:
0964  23                	INX	H
0965  7E                	MOV	A,M		;MOVE THIS CHARACTER DOWNWARD
0966  12                	STAX	D
0967  13                	INX	D
0968  B7                	ORA	A
0969  C2 6409           	JNZ	EDISTMDM
096C  E1                	POP	H
096D  C3 2A09           	JMP	EDISTMNX

                        ;  INSERT
                        ;
0970                    EDISTMIN:
0970  CD E709           	CALL	EDISTMCH	;GET SOMETHING TO PUT IN
0973  57                	MOV	D,A		;SAVE COPY OF CHARACTER
0974                    EDISTMRI:
0974  78                	MOV	A,B
0975  FE 9D             	CPI	LINESYZE	;ROOM AT THE INNPUT BUFFER?
0977  D2 4409           	JNC	EDISTMER
097A  04                	INR	B		;COUNT NEWCOMER
097B  0C                	INR	C		;NEXT ONE GOES AFTER HIM
097C  7A                	MOV	A,D
097D  CD AE05           	CALL	PRNTCHRA	;ac -> screen  ;PRINT NEWCOMER
0980  E5                	PUSH	H		;SAVE CURRENT POSITION
0981                    EDISTMIM:
0981  5E                	MOV	E,M
0982  77                	MOV	M,A		;MOVE CHARACTERS UP ONE BYTE
0983  B7                	ORA	A
0984  7B                	MOV	A,E
0985  23                	INX	H
0986  C2 8109           	JNZ	EDISTMIM
0989  E1                	POP	H
098A  23                	INX	H
098B  C3 7009           	JMP	EDISTMIN

                        ;
                        ;  Page 42
                        ;

                        ;  REPLACE
                        ;
098E                    EDISTMRP:
098E  CD E709           	CALL	EDISTMCH	;GET UPDATE CHARACTER
0991  57                	MOV	D,A
0992  79                	MOV	A,C
0993  B8                	CMP	B		;REPLACING END OF LINE?
0994  D2 7409           	JNC	EDISTMRI	;IF SO, GO TO INSERT
0997  72                	MOV	M,D		;UPDATE THE CHARACTER
0998  0C                	INR	C
0999  23                	INX	H
099A  7A                	MOV	A,D
099B  CD AE05           	CALL	PRNTCHRA	;ac -> screen  ;PRINT NEWCOMER
099E  C3 8E09           	JMP	EDISTMRP

                        ;  SEARCH
                        ;
09A1                    EDISTMSR:
09A1  CD E709           	CALL	EDISTMCH	;FIND CHARACTER TO SEARCH FOR
09A4  CD D203           	CALL	ALPHACHA	;CONVERT TO STANDARD CASE
09A7  57                	MOV	D,A
09A8  1E 00             	MVI	E,0
09AA                    EDISTMSL:
09AA  79                	MOV	A,C
09AB  B8                	CMP	B
09AC  D2 4409           	JNC	EDISTMER	;NO MORE, TERMINATE SEARCH
09AF  CD D103           	CALL	ALPHACHK	;FETCH CHARACTER IN STANDARD CASE
09B2  BB                	CMP	E
09B3  CA 2A09           	JZ	EDISTMNX	;GOTTA MATCH?
09B6  CD AE05           	CALL	PRNTCHRA	;ac -> screen  ;LIST FAILURES
09B9  0C                	INR	C
09BA  23                	INX	H
09BB  5A                	MOV	E,D
09BC  C3 AA09           	JMP	EDISTMSL	;AND KEEP LOOKING

                        ;
                        ; Page 43
                        ;

09BF                    EDISTMXT:
09BF  0D                	DCR	C		;BEGINNING CR MEANS DONE, UPDATE
09C0  C2 1F09           	JNZ	EDISTMLS	;OTHERWISE, LIST, MORE EDITS
09C3  D1                	POP	D		;RETRIEVE LINE NUMBER
09C4  21 0000           	LXI	H,0
09C7  39                	DAD	SP		;POINT TO TEXT
09C8  CD 6F04           	CALL	LINEINS		;AND REINSERT
09CB                    EDISTMQT:
09CB  21 A000           	LXI	H,0+LINESYZE+3
09CE  39                	DAD	SP
09CF  F9                	SPHL			;DEALLOCATE TEXT BUFFER
09D0  E1                	POP	H		;RECOVER SCAN POINTER
09D1  C9                	RET			;AND RETURN

                        ;  LIST LINE, PREPARE FOR UPDATES
                        ;
09D2                    EDISTMCR:
09D2  D1                	POP	D
09D3  E1                	POP	H		;RETRIEVE COPY OF LINE NUMBER
09D4  E5                	PUSH	H		;SAVE IT,
09D5  D5                	PUSH	D
09D6  C5                	PUSH	B		;AND LINE LENGTH
09D7  CD 5F0D           	CALL	PRNTCRLF
09DA  CD 791D           	CALL	PRINTINT	;PRINT LINE NUMBER
09DD  CD AA05           	CALL	PRNTCHRI	;print (val)
09E0  20                	DB	' '
09E1  21 0600           	LXI	H,6
09E4  39                	DAD	SP		;CREATE POINTER TO TEXT BUFFER
09E5  C1                	POP	B
09E6  C9                	RET

                        ;  GET OPTION CHARACTER
                        ;
09E7                    EDISTMCH:
09E7  CD D105           	CALL	INPTCHAR	;GET CHARACTER ROUTINE
09EA  FE 20             	CPI	' '
09EC  D0                	RNC			;NOT CONTROL, RETURN
09ED  FE 07             	CPI	BEL
09EF  C8                	RZ
09F0  D1                	POP	D		;REMOVE CALLER
09F1  FE 09             	CPI	HT		;SEARCH (TAB)
09F3  CA A109           	JZ	EDISTMSR
09F6  FE 0D             	CPI	CR		;LIST, OR UPDATE
09F8  CA BF09           	JZ	EDISTMXT
09FB  FE 18             	CPI	ESC		;TERMINATE OPTION
09FD  CA 2A09           	JZ	EDISTMNX
0A00  FE 03             	CPI	ETX		;ABORT, NO UPDATE
0A02  C2 4409           	JNZ	EDISTMER
0A05  21 DB07           	LXI	H,MSGSTARS	;TYPE BREAK MESSAGE
0A08  CD C20D           	CALL	PRNTMSG
0A0B  D1                	POP	D
0A0C  C3 CB09           	JMP	EDISTMQT

                        ;
                        ;  Page 44
                        ;

                        ;
                        ;  SCAN STACK FOR 'FOR' LOOP
                        ;
      = 0010            FORBLCK	EQU	16		;SIZE OF 'FOR' STACK ENTRY

0A0F                    FORCHK:
0A0F  21 0400           	LXI	H,4		;LOOK FOR MARK ON STACK
0A12  39                	DAD	SP
0A13                    FORCHKL:
0A13  7E                	MOV	A,M
0A14  23                	INX	H
0A15  FE 83             	CPI	KEYFOR
0A17  C0                	RNZ
0A18  3E 04             	MVI	A,TYPESING
0A1A  32 8103           	STA	TYPEFLG		;SET CORRECT TYPE FLAG
0A1D  4E                	MOV	C,M		;MARK IS PRESENT
0A1E  23                	INX	H
0A1F  46                	MOV	B,M
0A20  23                	INX	H
0A21  E5                	PUSH	H
0A22  60                	MOV	H,B
0A23  69                	MOV	L,C
0A24  7A                	MOV	A,D		;LOOKING FOR PARTICULAR VARIABLE?
0A25  B3                	ORA	E
0A26  EB                	XCHG
0A27  CA 2E0A           	JZ	FORCHKXT
0A2A  EB                	XCHG			;IS THIS IT?
0A2B  CD D704           	CALL	CMHLLTDE
0A2E                    FORCHKXT:
0A2E  01 0D00           	LXI	B,FORBLCK-3
0A31  E1                	POP	H
0A32  C8                	RZ
0A33  09                	DAD	B
0A34  C3 130A           	JMP	FORCHKL

                        ;
                        ;  FOR STATEMENT PROCESSOR
                        ;
0A37                    FORSTM:
0A37  3E AB             	MVI	A,SCANPFLD	;FOR STATEMENT
0A39  32 7D03           	STA	SCANPFLG
0A3C  CD C00B           	CALL	LETSTM
0A3F  CD EF03           	CALL	TYPECHK
0A42  EA 180C           	JPE	ERRATM		;MUST BE SINGLE INDEX
0A45  E3                	XTHL			;SAVE SCANPTR, REMOVE CALLER
0A46  EB                	XCHG
0A47  22 8D03           	SHLD	VARINDEX
0A4A  EB                	XCHG
0A4B  CD 0F0A           	CALL	FORCHK
0A4E  D1                	POP	D
0A4F  C2 540A           	JNZ	FORSTMNF
0A52  09                	DAD	B
0A53  F9                	SPHL
0A54                    FORSTMNF:
0A54  EB                	XCHG
0A55  0E 08             	MVI	C,(FORBLCK+1)/2

                        ;
                        ;  Page 45
                        ;

0A57  CD EE04           	CALL	SPACESTK

0A5A  E5                	PUSH	H
0A5B  CD 7F0B           	CALL	DATSTM		;FIND FIRST STATEMENT IN FOR LOOP
0A5E  E3                	XTHL			;AND SAVE
0A5F  E5                	PUSH	H
0A60  2A 8903           	LHLD	CURLINE		;SAVE CURRENT LINE NUMBER
0A63  E3                	XTHL
0A64  CD B903           	CALL	SCANNXTV	;bscan (val)
0A67  A1                	DB	KEYTO		;SCAN LIMIT VALUE,
0A68  CD 070C           	CALL	VALNUMBR	;bscan numbr
0A6B  E5                	PUSH	H
0A6C  CD DE1B           	CALL	LDRGAC
0A6F  E1                	POP	H
0A70  C5                	PUSH	B		;SAVE ON STACK
0A71  D5                	PUSH	D
0A72  01 0081           	LXI	B,08100H	;LOAD DEFAULT STEP=1.0
0A75  51                	MOV	D,C
0A76  5A                	MOV	E,D
0A77  7E                	MOV	A,M
0A78  FE A2             	CPI	KEYSTEP		;CHECK FOR EXPLICIT STEP SIZE
0A7A  3E 01             	MVI	A,001H
0A7C  C2 8D0A           	JNZ	FORSTMST
0A7F  CD C103           	CALL	SCANNXT		;bscan +
0A82  CD 070C           	CALL	VALNUMBR	;bscan numbr
0A85  E5                	PUSH	H
0A86  CD DE1B           	CALL	LDRGAC
0A89  E1                	POP	H
0A8A  CD 7E1C           	CALL	SIGNACC
0A8D                    FORSTMST:
0A8D  C5                	PUSH	B		;SAVE STEP SIZE ON STACK
0A8E  D5                	PUSH	D
0A8F  F5                	PUSH	PSW		;SAVE DIRECTION
0A90  33                	INX	SP
0A91  E5                	PUSH	H
0A92  2A 8D03           	LHLD	VARINDEX	;SAVE INDEX VARIABLE
0A95  E3                	XTHL
0A96                    FORMARK:
0A96  06 83             	MVI	B,KEYFOR	;MARK STACK WITH 'FOR'
0A98  C5                	PUSH	B
0A99  33                	INX	SP

                        ;
                        ;  Page 46
                        ;

                        ;
                        ;  INTERPRETER EXECUTIVE
                        ;
0A9A                    EXECUTEL:
0A9A  CD DD0A           	CALL	BREAKCHK	;USER HAVE ANY COMMENTS?
0A9D  22 8D03           	SHLD	PROGCNTR
0AA0  7E                	MOV	A,M
0AA1  FE 3A             	CPI	':'
0AA3  CA BA0A           	JZ	EXECUTE		;MUTIPLE STATEMENTS ON LINE?
0AA6  B7                	ORA	A
0AA7  C2 0506           	JNZ	ERRASN
0AAA  23                	INX	H		;END OF LINE,
0AAB  7E                	MOV	A,M
0AAC  23                	INX	H
0AAD  B6                	ORA	M
0AAE  23                	INX	H
0AAF  CA E60A           	JZ	ENDPROGM	;END OF PROGRAM?
0AB2  5E                	MOV	E,M
0AB3  23                	INX	H
0AB4  56                	MOV	D,M
0AB5  EB                	XCHG
0AB6  22 8903           	SHLD	CURLINE		;MOVE TO NEXT LINE
0AB9  EB                	XCHG
0ABA                    EXECUTE:
0ABA  CD C103           	CALL	SCANNXT		;bscan ,  ;EXECUTE STATEMENT
0ABD  11 9A0A           	LXI	D,EXECUTEL
0AC0  D5                	PUSH	D
0AC1                    EXECUTEC:
0AC1  C8                	RZ
0AC2                    EXECUTES:
0AC2  FE 80             	CPI	KEYSTM		;WHAT KIND OF STATEMENT?
0AC4  DA C00B           	JC	LETSTM
0AC7  FE A0             	CPI	KEYSUGR
0AC9  D2 530C           	JNC	EXECUTE2
0ACC  87                	ADD	A
0ACD  4F                	MOV	C,A
0ACE  06 00             	MVI	B,000H
0AD0  EB                	XCHG
0AD1  21 6400           	LXI	H,STMTABL
0AD4  09                	DAD	B
0AD5  4E                	MOV	C,M
0AD6  23                	INX	H
0AD7  46                	MOV	B,M
0AD8  C5                	PUSH	B
0AD9  EB                	XCHG
0ADA  C3 C103           	JMP	SCANNXT

                        ;
                        ;  Page 47
                        ;

0ADD                    BREAKCHK:
0ADD  CD 5400           	CALL	SYSBREAK	;TIME TO TAKE A BREAK?
0AE0                    STPSTM:
0AE0  C0                	RNZ			;STOP STATEMENT
0AE1  3C                	INR	A
0AE2                    EXECUTEB:
0AE2  22 8D03           	SHLD	PROGCNTR
0AE5                    INPSTMBR:
0AE5  C1                	POP	B		;THROW AWAY CALLER
0AE6                    ENDPROGM:
0AE6  F5                	PUSH	PSW
0AE7  2A 8903           	LHLD	CURLINE
0AEA  7D                	MOV	A,L
0AEB  A4                	ANA	H
0AEC  3C                	INR	A
0AED  CA F90A           	JZ	ENDSTMC
0AF0  22 8B03           	SHLD	CURLINES	;SAVE INFORMATION FOR CONTINUE
0AF3  2A 8D03           	LHLD	PROGCNTR
0AF6  22 8F03           	SHLD	PROGCNTS
0AF9                    ENDSTMC:
0AF9  AF                	XRA	A
0AFA  32 7B03           	STA	PRINTFLG
0AFD  F1                	POP	PSW
0AFE  21 F705           	LXI	H,MSGBREAK
0B01  C2 2306           	JNZ	ERRMSGPR
0B04  C3 2F06           	JMP	CMNDSTRT

0B07                    CONSTM:
0B07  C0                	RNZ			;CONT COMMAND
0B08  1E 00             	MVI	E,ERRNCN-ERRN
0B0A  2A 8F03           	LHLD	PROGCNTS
0B0D  7C                	MOV	A,H
0B0E  B5                	ORA	L
0B0F  CA 0706           	JZ	ERRMSG
0B12  EB                	XCHG
0B13  2A 8B03           	LHLD	CURLINES
0B16  22 8903           	SHLD	CURLINE
0B19  EB                	XCHG
0B1A  C9                	RET

0B1B                    RUNSTM:
0B1B  CA 1805           	JZ	CLEARSET	;RUN COMMAND
0B1E  CD 1B05           	CALL	CLEARVST
0B21  01 9A0A           	LXI	B,EXECUTEL
0B24  C3 410B           	JMP	RUNSTMC

0B27                    ENDSTM:
0B27  CA E20A           	JZ	EXECUTEB	;END STATEMENT
0B2A  CD B903           	CALL	SCANNXTV	;bscan (val)
0B2D  8A                	DB	KEYRUN
0B2E  C3 6100           	JMP	SYSQUIT

                        ;
                        ;  Page 48
                        ;

                        ;
                        ;  GOSUB/GOTO STATEMENTS
                        ;
0B31                    GSBSTM:
0B31  0E 03             	MVI	C,3		;GOSUB STATEMENT
0B33  CD EE04           	CALL	SPACESTK
0B36  C1                	POP	B
0B37  E5                	PUSH	H
0B38  E5                	PUSH	H
0B39  2A 8903           	LHLD	CURLINE
0B3C  E3                	XTHL
0B3D  16 8E             	MVI	D,KEYGSB	;MARK STACK WITH GOSUB
0B3F  D5                	PUSH	D
0B40  33                	INX	SP
0B41                    RUNSTMC:
0B41  C5                	PUSH	B
0B42                    GTOSTM:
0B42  CD 2104           	CALL	SCANLINN	;GOTO STATEMENT
0B45  D5                	PUSH	D
0B46  CD 840B           	CALL 	REMSTM
0B49  D1                	POP	D
0B4A  E5                	PUSH	H
0B4B  CD 9F0B           	CALL	TRACE
0B4E  2A 8903           	LHLD	CURLINE
0B51  CD D704           	CALL	CMHLLTDE
0B54  E1                	POP	H
0B55  23                	INX	H
0B56  DC 4904           	CC	LINESRCL
0B59  D4 4604           	CNC	LINESRCH
0B5C  60                	MOV	H,B
0B5D  69                	MOV	L,C
0B5E  2B                	DCX	H
0B5F  D8                	RC
0B60                    ERRAUS:
0B60  1E C5             	MVI	E,ERRNUS-ERRN
0B62  C3 0706           	JMP	ERRMSG

                        ;
                        ;  RETURN STATEMENT
                        ;
0B65                    RETSTM:
0B65  C0                	RNZ			;RETURN STATEMENT
0B66  16 FF             	MVI	D,0FFH
0B68  CD 0F0A           	CALL	FORCHK		;KILL ACTIVE FOR LOOPS
0B6B  F9                	SPHL			;INSIDE SUBROUTINE
0B6C  FE 8E             	CPI	KEYGSB
0B6E  1E 76             	MVI	E,ERRNRG-ERRN
0B70  C2 0706           	JNZ	ERRMSG
0B73  D1                	POP	D
0B74  CD 9F0B           	CALL	TRACE
0B77  EB                	XCHG
0B78  22 8903           	SHLD	CURLINE
0B7B  21 9A0A           	LXI	H,EXECUTEL
0B7E  E3                	XTHL
                        ;	JMP	DATSTM

                        ;
                        ;  Page 49
                        ;

                        ;
                        ;  DATA/ELSE/REM STATEMENTS
                        ;
0B7F                    DATSTM:
0B7F  0E 3A             	MVI	C,':'		;DATA STATEMENT
0B81  C3 860B           	JMP	SCAN2KEY
0B84                    ELSSTM:

0B84                    REMSTM:
0B84  0E 00             	MVI	C,000H		;REM STATEMENT
0B86                    SCAN2KEY:
0B86  06 00             	MVI	B,000H		;SKIP TO KEYWORD IN C
0B88                    DATRSKST:
0B88  79                	MOV	A,C		;SET UP TERMINATING BYTE
0B89  48                	MOV	C,B
0B8A  47                	MOV	B,A
0B8B                    DATRSKIP:
0B8B  7E                	MOV	A,M		;SKIP TO TERMINATING BYTE
0B8C  B7                	ORA	A
0B8D  C8                	RZ
0B8E  B8                	CMP	B
0B8F  C8                	RZ
0B90  23                	INX	H
0B91  FE 22             	CPI	'"'		;STRING TO SKIP?
0B93  CA 880B           	JZ	DATRSKST
0B96  FE 8B             	CPI	KEYIF
0B98  C2 8B0B           	JNZ	DATRSKIP
0B9B  14                	INR	D		;COUNT NUMBER OF IFS WE SKIP
0B9C  C3 8B0B           	JMP	DATRSKIP

                        ;
                        ;  PROGRAM BRANCH TRACING
                        ;
0B9F                    TRACE:
0B9F  3A 7C03           	LDA	TRACEFLG	;TRACING?
0BA2  B7                	ORA	A
0BA3  C0                	RNZ
0BA4  C5                	PUSH	B
0BA5  D5                	PUSH	D		;SAVE DESTINATION LINE NUMBER
0BA6  CD AA05           	CALL	PRNTCHRI	;print (val)
0BA9  5B                	DB	'['		;LEFT BRACKET
0BAA  2A 8903           	LHLD	CURLINE
0BAD  CD 791D           	CALL	PRINTINT	;PRINT CURRENT LINE NUMBER
0BB0  CD AA05           	CALL	PRNTCHRI	;print (val)
0BB3  2C                	DB	','
0BB4  E1                	POP	H
0BB5  E5                	PUSH	H
0BB6  CD 791D           	CALL	PRINTINT	;PRINT DESTINATION LINE NUMBER
0BB9  CD AA05           	CALL	PRNTCHRI	;print (val)
0BBC  5D                	DB	']'		;RIGHT BRACKET
0BBD                    POPDEBCR:
0BBD  D1                	POP	D
0BBE  C1                	POP	B
0BBF  C9                	RET

                        ;
                        ;  Page 50
                        ;

                        ;
                        ;  ASSIGNMENT STATEMENT PROCESSOR
                        ;
0BC0                    LETSTM:
0BC0  CD 4812           	CALL	VARSCAN		;LET STATEMENT
0BC3  CD B903           	CALL	SCANNXTV	;bscan (val)
0BC6  B5                	DB	KEYEQ
0BC7                    ASSIGNVL:
0BC7  3A 8103           	LDA	TYPEFLG
0BCA  F5                	PUSH	PSW
0BCB  D5                	PUSH	D
0BCC  CD A90F           	CALL	VALEXPR		;bscan expr
0BCF  D1                	POP	D
0BD0  F1                	POP	PSW
0BD1                    ASSIGN:
0BD1  EB                	XCHG			;MAKE THE ASSIGMENT
0BD2  D5                	PUSH	D		;SAVE SCAN
0BD3  E5                	PUSH	H		;SAVE VARIABLE
0BD4  CD FB0B           	CALL	COERCE
0BD7  C2 E60B           	JNZ	LETSTMNM
0BDA  CD EC0B           	CALL	STRGUNIQ	;REMOVE CONFLICT PROBLEMS
0BDD  CD DD11           	CALL	STRGRELT	;RELEASE STRING TEMPORARY
0BE0  E1                	POP	H		;COPY DESCRIPTOR TO DESTINATION
0BE1  CD ED1B           	CALL	COPYVAL
0BE4  E1                	POP	H
0BE5  C9                	RET

0BE6                    LETSTMNM:
0BE6  CD EA1B           	CALL	LDMMAC		;MAKE NUMERIC ASSIGNMENT
0BE9  D1                	POP	D
0BEA  E1                	POP	H
0BEB  C9                	RET

0BEC                    STRGUNIQ:
0BEC  2A A903           	LHLD	ACCUMLTR	;GET STRING DESCRIPTOR
0BEF  EB                	XCHG			;IS STRING IN STRING SPACE?
0BF0  CD C30C           	CALL	STRGTEST
0BF3  D0                	RNC
0BF4  CD D704           	CALL	CMHLLTDE	;VARIABLE REFERENCE?
0BF7  D4 7D16           	CNC	STRGSTOR	;IF SO, MAKE NEW COPY
0BFA  C9                	RET

                        ;
                        ;  Page 51
                        ;

                        ;
                        ;  COERCE ACCUMULATOR TO TYPE IN A
                        ;
0BFB                    COERCE:
0BFB  CD F203           	CALL	TYPECHKA
0BFE                    COERCEF:
0BFE  E2 0A0C           	JPO	CSINGLE
0C01  CA 110C           	JZ	CSTRING
0C04  C3 180C           	JMP	ERRATM

0C07                    VALNUMBR:
0C07  CD A90F           	CALL	VALEXPR		;bscan expr
0C0A                    CSINGLE:
0C0A  CD EF03           	CALL	TYPECHK
0C0D  E0                	RPO
0C0E  C3 180C           	JMP	ERRATM

0C11                    CSTRING:
0C11  CD EF03           	CALL	TYPECHK
0C14  C8                	RZ
0C15  C3 180C           	JMP	ERRATM

0C18                    ERRATM:
0C18  1E B0             	MVI	E,ERRNTM-ERRN
0C1A  C3 0706           	JMP	ERRMSG

0C1D                    VALINTDE:
0C1D  CD 070C           	CALL	VALNUMBR	;bscan numbr EVAL POSITIVE INTEGER EXPR
0C20                    CINTPOS:
0C20  CD 7E1C           	CALL	SIGNACC		;CONVERT TO INTEGER
0C23  FA 390C           	JM	ERRAFC
0C26                    CINTEGER:
0C26  3A AC03           	LDA	FLACCEXP
0C29  FE 90             	CPI	090H
0C2B  DA 3C1C           	JC	FIXAC
0C2E  01 8090           	LXI	B,09080H
0C31  11 0000           	LXI	D,00000H
0C34  CD 0F1C           	CALL	FLCMP
0C37  51                	MOV	D,C
0C38  C8                	RZ

0C39                    ERRAFC:
0C39  1E 2D             	MVI	E,ERRNFC-ERRN
0C3B  C3 0706           	JMP	ERRMSG

0C3E                    VALBYTE2:
0C3E  CD B903           	CALL	SCANNXTV	;bscan (val)
0C41  2C                	DB	','		;EVAL LATER BYTE ARGUMENTS
0C42                    VALBYTE:
0C42  CD 070C           	CALL	VALNUMBR	;bscan numbr EVAL BYTE EXPRESSION
0C45                    CBYTE:
0C45  CD 200C           	CALL	CINTPOS		;CONVERT ACC TO BYTE
0C48  7A                	MOV	A,D
0C49  B7                	ORA	A
0C4A  C2 390C           	JNZ	ERRAFC

                        ;
                        ;  Page 52
                        ;

0C4D  2B                	DCX	H
0C4E  CD C103           	CALL	SCANNXT		;bscan ,
0C51  7B                	MOV	A,E
0C52  C9                	RET

0C53                    EXECUTE2:
0C53  FE C4             	CPI	KEYPORT		;PORT OUTPUT?
0C55  CA 2F18           	JZ	PORSTM
0C58  FE C6             	CPI	KEYMEM		;MEMORY ALTERATION?
0C5A  CA 0D18           	JZ	MEMSTM

                        ;
                        ;  MID-STRING ASSIGNMENT STATEMENT
                        ;
0C5D                    MIDSTM:
0C5D  CD B903           	CALL	SCANNXTV	;bscan (val)
0C60  D1                	DB	KEYMID		;ENTER POINTING TO 'MID$'
0C61  CD B903           	CALL	SCANNXTV	;bscan (val)
0C64  28                	DB	'('
0C65  CD 4812           	CALL	VARSCAN		;SCAN VARIABLE TO UPDATE
0C68  CD 110C           	CALL	CSTRING		;MAKE SURE IT'S A STRING
0C6B  D5                	PUSH	D		;SAVE REFERENCE
0C6C  E5                	PUSH	H
0C6D  CD C30C           	CALL	STRGTEST	;WHERE IS STRING NOW?
0C70  D5                	PUSH	D		;SHOULDN'T BE IN PROGRAM
0C71  D4 7D16           	CNC	STRGSTOR	;OR ELSE WE MODIFY OURSELF
0C74  E1                	POP	H
0C75  CD ED1B           	CALL	COPYVAL
0C78  E1                	POP	H		;CONTINUE SCAN
0C79  CD 3E0C           	CALL	VALBYTE2	;SCAN STARTING POSITION
0C7C  B7                	ORA	A
0C7D  CA 390C           	JZ	ERRAFC		;MUST BE NON-ZERO
0C80  D5                	PUSH	D
0C81  1E FF             	MVI	E,0FFH
0C83  7E                	MOV	A,M
0C84  FE 29             	CPI	')'		;DEFAULT LENGTH?
0C86  C4 3E0C           	CNZ	VALBYTE2	;SCAN LENGTH, IF GIVEN
0C89  CD B903           	CALL	SCANNXTV	;bscan (val)
0C8C  29                	DB	')'
0C8D  C1                	POP	B		;CONDENSE STACK
0C8E  51                	MOV	D,C
0C8F  D5                	PUSH	D
0C90  CD B903           	CALL	SCANNXTV	;bscan (val)
0C93  B5                	DB	KEYEQ
0C94  CD A90F           	CALL	VALEXPR		;bscan expr  ;EVALUATE RIGHT HAND SIDE
0C97  22 8503           	SHLD	SCANPTR1
0C9A  CD 2716           	CALL	LENFCTC		;RELEASE STRING RESOURCE
0C9D  4E                	MOV	C,M		;AND LOAD DESCRIPTOR
0C9E  23                	INX	H
0C9F  46                	MOV	B,M
0CA0  D1                	POP	D		;GET BACK LENGTH, START
0CA1  BB                	CMP	E
0CA2  D2 A60C           	JNC	MIDSTMLN	;LENMOV = MIN(LENI, LENS)
0CA5  5F                	MOV	E,A
0CA6                    MIDSTMLN:
0CA6  E1                	POP	H		;RECOVER DESTINATION DESCRIPTOR

                        ;
                        ;  Page 53
                        ;

0CA7  7E                	MOV	A,M		;GET ITS LENGTH
0CA8  15                	DCR	D
0CA9  92                	SUB	D		;SUBTRACT STARTING POSITION
0CAA  DA BF0C           	JC	MIDSTMXT	;NOTHING TO DO IF BEYOND

                        ;
                        ;  Page 54
                        ;

0CAD  BB                	CMP	E
0CAE  D2 B20C           	JNC	MIDSTMLM
0CB1  5F                	MOV	E,A
0CB2                    MIDSTMLM:
0CB2  C5                	PUSH	B		;SAVE SOURCE ADDRESS
0CB3  CD E41B           	CALL	LDICBMM		;COMPUTE DESTINATION ADDRESS
0CB6  6A                	MOV	L,D
0CB7  26 00             	MVI	H,0
0CB9  09                	DAD	B
0CBA  EB                	XCHG
0CBB  C1                	POP	B
0CBC  CD 2C12           	CALL	COPYSTRG	;COPY STRING
0CBF                    MIDSTMXT:
0CBF  2A 8503           	LHLD	SCANPTR1
0CC2  C9                	RET

                        ;
                        ;  LOCATE STRING REFERENCE BY DE
                        ;
0CC3                    STRGTEST:
0CC3  D5                	PUSH	D		;DE=STRING REFERENCE
0CC4  EB                	XCHG
0CC5  23                	INX	H		;GET ADDRESS OF STRING
0CC6  5E                	MOV	E,M
0CC7  23                	INX	H
0CC8  56                	MOV	D,M
0CC9  2A 9D03           	LHLD	FREELIMT	;BOUNDARY
0CCC  CD D704           	CALL	CMHLLTDE	;NC = STRING IN PROGRAM
0CCF  D1                	POP	D		;C = STRIN IN BUFFER
0CD0  C9                	RET			;OR STRING SPACE

                        ;
                        ;  Page 55
                        ;

                        ;
                        ;  CASE/CONDITINAL STATEMENT PROCESSORS
                        ;
0CD1                    ONSTM:
0CD1  CD 420C           	CALL	VALBYTE		;ON STATEMENT
0CD4  7E                	MOV	A,M
0CD5  47                	MOV	B,A
0CD6  FE 8E             	CPI	KEYGSB		;GOSUB RATHER THAN GOTO?
0CD8  CA E00C           	JZ	ONNSTMC
0CDB  CD B903           	CALL	SCANNXTV	;bscan (val)
0CDE  89                	DB	KEYGTO		;MUST BE GOTO...
0CDF  2B                	DCX	H
0CE0                    ONNSTMC:
0CE0  4B                	MOV	C,E
0CE1                    ONNSTMSL:
0CE1  0D                	DCR	C		;LOOK FOR RIGHT LINE NUMBER
0CE2  78                	MOV	A,B
0CE3  CA C20A           	JZ	EXECUTES	;THEN EXECUTE STATEMENT
0CE6  CD 2204           	CALL	SCANLINR
0CE9  FE 2C             	CPI	','
0CEB  C0                	RNZ
0CEC  C3 E10C           	JMP	ONNSTMSL



0CEF                    IFSTM:
0CEF  CD 070C           	CALL	VALNUMBR	;bscan numbr  ;IF STATEMENT
0CF2  7E                	MOV	A,M
0CF3  FE 89             	CPI	KEYGTO
0CF5  CA FC0C           	JZ	IFNSTMC
0CF8  CD B903           	CALL	SCANNXTV	;bscan (val)
0CFB  A0                	DB	KEYTHEN
0CFC                    IFNSTMC:
0CFC  CD 7E1C           	CALL	SIGNACC		;TEST CONDITION
0CFF  C2 120D           	JNZ	IFNSTMCH
0D02  16 01             	MVI	D,1
0D04                    IFNSTMSK:
0D04  0E 8C             	MVI	C,KEYELS
0D06  CD 860B           	CALL	SCAN2KEY	;SKIP TO CORRESPONDING ELSE
0D09  B7                	ORA	A
0D0A  C8                	RZ			;OR END OF LINE
0D0B  CD C103           	CALL	SCANNXT		;bscan +
0D0E  15                	DCR	D
0D0F  C2 040D           	JNZ	IFNSTMSK
0D12                    IFNSTMCH:
0D12  2B                	DCX	H		;bscan -
0D13  CD C103           	CALL	SCANNXT		;bscan ,  ;CHOICE MADE
0D16  DA 420B           	JC	GTOSTM		;GOTO A LABEL,
0D19  C3 C10A           	JMP	EXECUTEC	;OR EXECUTE A STATEMENT

                        ;
                        ; Page 56
                        ;

                        ;
                        ;  PRINT STATEMENT PROCESSOR
                        ;
0D1C                    PRTSTMN:
0D1C  FE A5             	CPI	KEYTAB		;TAB OPTION?
0D1E  CA 8C0D           	JZ	PRNTOPTN
0D21  FE A6             	CPI	KEYSPC		;SPACE OPTION
0D23  CA 8C0D           	JZ	PRNTOPTN
0D26  E5                	PUSH	H
0D27  FE 2C             	CPI	','
0D29  CA 780D           	JZ	PRNTCOMA
0D2C  FE 3B             	CPI	';'
0D2E  CA B90D           	JZ	PRNTSEMI
0D31  C1                	POP	B
0D32  CD A90F           	CALL	VALEXPR		;bscan expr
0D35  2B                	DCX	H		;bscan -
0D36  E5                	PUSH	H
0D37  CD EF03           	CALL	TYPECHK
0D3A  CA 550D           	JZ	PRTSTRNG
0D3D  CD 5F11           	CALL	VALSTRGN	;CREATE STRING FROM NUMBER
0D40  2A A903           	LHLD	ACCUMLTR	;VERIFY ROOM ENOUGH ON LINE
0D43  7E                	MOV	A,M
0D44  21 AF03           	LXI	H,CURSPOS
0D47  86                	ADD	M
0D48  23                	INX	H
0D49  86                	ADD	M
0D4A  DC 5F0D           	CC	PRNTCRLF	;NO ROOM, FIND ANOTHER LINE
0D4D  CD CB0D           	CALL	PRNTSTRT
0D50  CD AA05           	CALL	PRNTCHRI	;print (val)
0D53  20                	DB	' '
0D54  3C                	INR	A
0D55                    PRTSTRNG:
0D55  CC CB0D           	CZ	PRNTSTRT	;SEND OUTPUT STRING
0D58  E1                	POP	H
0D59  CD C103           	CALL	SCANNXT		;bscan ,
0D5C                    PRTSTM:
0D5C  C2 1C0D           	JNZ	PRTSTMN		;PRINT STATEMENT
0D5F                    PRNTCRLF:
0D5F  CD AA05           	CALL	PRNTCHRI	;print (val)
0D62  0D                	DB	CR		;PRINT A CR, LF
0D63  CD AA05           	CALL	PRNTCHRI	;print (val)
0D66  0A                	DB	LF
0D67                    PRNTNULS:
0D67  3A AE03           	LDA	NULLCNT		;PRINT NULLS AFTER CR
0D6A                    PRNTNULL:
0D6A  3D                	DCR	A
0D6B  32 AF03           	STA	CURSPOS
0D6E  C8                	RZ
0D6F  F5                	PUSH	PSW
0D70  AF                	XRA	A
0D71  CD AE05           	CALL	PRNTCHRA	;ac -> screen
0D74  F1                	POP	PSW
0D75  C3 6A0D           	JMP	PRNTNULL

                        ;
                        ;  Page 57
                        ;

0D78                    PRNTCOMA:
0D78  3A AF03           	LDA	CURSPOS		;COMMA SEPARATOR
0D7B  FE 8C             	CPI	((LINESYZE/ITEMSIZE)-1)*ITEMSIZE
0D7D  D4 5F0D           	CNC	PRNTCRLF
0D80  D2 B90D           	JNC	PRNTSEMI
0D83                    PRNTCOML:
0D83  D6 0E             	SUI	ITEMSIZE
0D85  D2 830D           	JNC	PRNTCOML
0D88  2F                	CMA
0D89  C3 AA0D           	JMP	PRNTCOMC

0D8C                    PRNTOPTN:
0D8C  F5                	PUSH	PSW
0D8D  CD C103           	CALL	SCANNXT		;bscan +
0D90  CD BC10           	CALL	VALPARNS	;GET OPTION PARAMETER
0D93  CD 0A0C           	CALL	CSINGLE
0D96  CD 450C           	CALL	CBYTE
0D99  2B                	DCX	H
0D9A  F1                	POP	PSW
0D9B  FE A6             	CPI	KEYSPC
0D9D  E5                	PUSH	H
0D9E  7B                	MOV	A,E
0D9F  CA AB0D           	JZ	PRNTBLNK
0DA2  3A AF03           	LDA	CURSPOS
0DA5  2F                	CMA
0DA6  83                	ADD	E
0DA7  D2 B90D           	JNC	PRNTSEMI
0DAA                    PRNTCOMC:
0DAA  3C                	INR	A
0DAB                    PRNTBLNK:
0DAB  47                	MOV	B,A		;PAD OUTPUT WITH A BLANKS
0DAC  B7                	ORA	A
0DAD  CA B90D           	JZ	PRNTSEMI
0DB0  3E 20             	MVI	A,' '
0DB2                    PRNTBLNL:
0DB2  CD AE05           	CALL	PRNTCHRA	;ac -> screen
0DB5  05                	DCR	B
0DB6  C2 B20D           	JNZ	PRNTBLNL
0DB9                    PRNTSEMI:
0DB9  E1                	POP	H
0DBA  CD C103           	CALL	SCANNXT		;bscan ,
0DBD  C8                	RZ
0DBE  C3 1C0D           	JMP	PRTSTMN

                        ;
                        ;  Page 58
                        ;

0DC1                    PRNTNUMS:
0DC1  23                	INX	H		;SEND STRING TO TRANSMITTER
0DC2                    PRNTMSG:
0DC2  C5                	PUSH	B
0DC3  D5                	PUSH	D
0DC4  01 BD0B           	LXI	B,POPDEBCR
0DC7  C5                	PUSH	B
0DC8  CD 6211           	CALL	VALSTRGZ	;STRING ENDS ON ZERO
0DCB                    PRNTSTRT:
0DCB  CD BF11           	CALL	STRGRELA
0DCE  CD E31B           	CALL	LDDCBMM
0DD1  14                	INR	D
0DD2                    PRNTSTRL:
0DD2  15                	DCR	D
0DD3  C8                	RZ
0DD4  0A                	LDAX	B
0DD5  CD AE05           	CALL	PRNTCHRA	;ac -> screen
0DD8  FE 0D             	CPI	CR
0DDA  CC 670D           	CZ	PRNTNULS
0DDD  03                	INX	B
0DDE  C3 D20D           	JMP	PRNTSTRL

                        ;
                        ;  RETURN CURRENT POTITION ON OUTPUT LINE
                        ;
0DE1                    POSFCT:
0DE1  3A AF03           	LDA	CURSPOS		;POS FUNCTION
0DE4                    FLOATA:
0DE4  47                	MOV	B,A		;RETURN BYTE ANSWER
0DE5  AF                	XRA	A
0DE6  C3 E417           	JMP	FLOATAB

                        ;
                        ;  PLOT STATEMENT
                        ;
0DE9                    PLTSTM:
0DE9  CD 070C           	CALL	VALNUMBR	;bscan numbr  ;GET X-COORDINATE
0DEC  CD 260C           	CALL	CINTEGER
0DEF  D5                	PUSH	D
0DF0  CD B903           	CALL	SCANNXTV	;bscan (val)
0DF3  2C                	DB	','
0DF4  CD 070C           	CALL	VALNUMBR	;bscan numbr  ;GET Y-COORDINATE
0DF7  CD 260C           	CALL	CINTEGER
0DFA  D5                	PUSH	D
0DFB  CD B903           	CALL	SCANNXTV	;bscan (val)
0DFE  2C                	DB	','
0DFF  CD 070C           	CALL	VALNUMBR	;bscan numbr  ;GET OPERATION
0E02  CD 260C           	CALL	CINTEGER
0E05  7B                	MOV	A,E
0E06  D1                	POP	D
0E07  C1                	POP	B
0E08  E5                	PUSH	H
                        ;	CALL	SYSPLOT
0E09  E1                	POP	H
0E0A  C9                	RET

                        ;
                        ;  Page 59
                        ;

                        ;
                        ;  INPUT/READ STATEMENT PROCESSORS
                        ;
0E0B                    MSGQUES:
0E0B  3F3F00            	DB	'??',0
0E0E                    MSGREDO:
0E0E  3F524544 4F204652 	DB	'?REDO FROM START',CR,LF,0
0E16  4F4D2053 54415254
0E1E  0D0A00
0E21                    MSGEXTRA:
0E21  3F455854 52412049 	DB	'?EXTRA IGNORED',CR,LF,0
0E29  474E4F52 45440D0A
0E31  00

                        ;  INPUT
                        ;
0E32                    INPSTM:
0E32  AF                	XRA	A		;INPUT STATEMENT
0E33  32 7B03           	STA	PRINTFLG	;TURN ON PRINTING
0E36                    INPSTMRD:
0E36  E5                	PUSH	H		;SAVE SCAN IN CASE OF ERROR
0E37  0E 4E             	MVI	C,LINESYZE/2
0E39  CD EE04           	CALL	SPACESTK
0E3C  EB                	XCHG
0E3D  2A 9503           	LHLD	INPTBUFR	;SAVE ADDRESS OF CURRENT BUFFER
0E40  E5                	PUSH	H
0E41  21 60FF           	LXI	H,0-LINESYZE-3
0E44  39                	DAD	SP
0E45  F9                	SPHL			;AND CREATE A NEW BUFFER
0E46  22 9503           	SHLD	INPTBUFR
0E49  EB                	XCHG
0E4A  7E                	MOV	A,M
0E4B  FE 22             	CPI	'"'
0E4D  CA 5B0E           	JZ	INPSTMPR
0E50  FE A3             	CPI	KEYPRM
0E52  11 0C0E           	LXI	D,MSGQUES+1
0E55  C2 6D0E           	JNZ	INPSTMIN
0E58  CD C103           	CALL	SCANNXT		;bscan +
0E5B                    INPSTMPR:
0E5B  CD A90F           	CALL	VALEXPR		;bscan expr  ;OPTIONAL PROMPT STRING
0E5E  CD 110C           	CALL	CSTRING
0E61  CD B903           	CALL	SCANNXTV	;bscan (val)
0E64  3B                	DB	';'
0E65  E5                	PUSH	H
0E66  CD CB0D           	CALL	PRNTSTRT
0E69  E1                	POP	H
0E6A  11 0D0E           	LXI	D,MSGQUES+2
0E6D                    INPSTMIN:
0E6D  E5                	PUSH	H
0E6E  CD 1C0F           	CALL	DATAINPT

                        ;
                        ;  Page 60
                        ;

0E71  C3 7D0E           	JMP	REAINPFS

                        ;  READ
                        ;
0E74                    REASTM:
0E74  E5                	PUSH	H		;READ STATEMENT
0E75  2A 9303           	LHLD	CURDATAP
0E78  7E                	MOV	A,M
0E79  B7                	ORA	A
0E7A  CC FA0E           	CZ	DATASRCH	;GET DATA IF NECESSARY

0E7D                    REAINPFS:
0E7D  32 7A03           	STA	REAINPFL
0E80  C3 8E0E           	JMP	REAINPLQ
0E83                    REAINPLP:
0E83  CD B903           	CALL	SCANNXTV	;bscan (val)
0E86  2C                	DB	','
0E87  E3                	XTHL
0E88  7E                	MOV	A,M
0E89  FE 2C             	CPI	','
0E8B  C4 F00E           	CNZ	DATAGET
0E8E                    REAINPLQ:
0E8E  E3                	XTHL
0E8F  7E                	MOV	A,M
0E90  FE A4             	CPI	KEYLINE		;LINE OPTION?
0E92  CA 3B0F           	JZ	INPSTMLN
0E95  CD 4812           	CALL	VARSCAN		;FIND NEXT VARIABLE TO BE INPUT
0E98  E3                	XTHL			;SAVE INPUT LIST POINTER
0E99  D5                	PUSH	D		;SAVE VARIABLE POINTER,
0E9A  3A 8103           	LDA	TYPEFLG		;AND TYPE
0E9D  F5                	PUSH	PSW
0E9E  CD 240F           	CALL	REAINPDC	;DECODE INPUT
0EA1                    REAINPLA:
0EA1  F1                	POP	PSW		;ASSIGN VALUE
0EA2  D1                	POP	D
0EA3  CD D10B           	CALL	ASSIGN
0EA6  2B                	DCX	H		;bscan -
0EA7  CD C103           	CALL	SCANNXT		;bscan ,
0EAA  CA B20E           	JZ	REAINPCM
0EAD  FE 2C             	CPI	','		;DATA ITEMS SEPARTED BY COMMAS
0EAF  C2 E10E           	JNZ	REAINPER
0EB2                    REAINPCM:
0EB2  E3                	XTHL
0EB3  2B                	DCX	H		;bscan -  ;MORE VARIABLES?
0EB4  CD C103           	CALL	SCANNXT		;bscan ,
0EB7  C2 830E           	JNZ	REAINPLP
0EBA  D1                	POP	D		;END OF VARLIST
0EBB  3A 7A03           	LDA	REAINPFL
0EBE  B7                	ORA	A
0EBF  EB                	XCHG
0EC0  C2 7805           	JNZ	RESDTPTR
0EC3  D5                	PUSH	D
0EC4  F5                	PUSH	PSW
0EC5  B6                	ORA	M
0EC6  21 210E           	LXI	H,MSGEXTRA
0EC9                    INPSTMER:

                        ;
                        ;  Page 61
                        ;

0EC9  C4 C20D           	CNZ	PRNTMSG
0ECC  F1                	POP	PSW

                        ;
                        ;  Page 62
                        ;

0ECD                    INPSTMXT:
0ECD  D1                	POP	D		;RECOVER SCAN POINTER
0ECE  21 A000           	LXI	H,0+LINESYZE+3
0ED1  39                	DAD	SP
0ED2  F9                	SPHL			;DEALLOCATE BUFFER
0ED3  E1                	POP	H
0ED4  22 9503           	SHLD	INPTBUFR	;AND RESTORE ADDRESS OF OLD
0ED7  EB                	XCHG
0ED8  D1                	POP	D
0ED9  C8                	RZ
0EDA  FA E50A           	JM	INPSTMBR	;BREAK TIME...
0EDD  EB                	XCHG
0EDE  C3 360E           	JMP	INPSTMRD	;OR REDO THE INPUT

0EE1                    REAINPER:
0EE1  3A 7A03           	LDA	REAINPFL
0EE4  B7                	ORA	A
0EE5  C2 FF05           	JNZ	ERRDATA
0EE8  21 0E0E           	LXI	H,MSGREDO
0EEB  3C                	INR	A
0EEC  F5                	PUSH	PSW
0EED  C3 C90E           	JMP	INPSTMER

                        ;
                        ;  SEARCH FOR DATA STATEMENT
                        ;
0EF0                    DATAGET:
0EF0  3A 7A03           	LDA	REAINPFL
0EF3  B7                	ORA	A		;READ OR INPUT?
0EF4  11 0B0E           	LXI	D,MSGQUES
0EF7  CA 1C0F           	JZ	DATAINPT	;INPUT
0EFA                    DATASRCH:
0EFA  CD 7F0B           	CALL	DATSTM		;LOOK FOR NEXT DATA STATEMENT
0EFD  B7                	ORA	A
0EFE  C2 130F           	JNZ	DATASRCK
0F01  23                	INX	H
0F02  7E                	MOV	A,M
0F03  23                	INX	H
0F04  B6                	ORA	M
0F05  23                	INX	H
0F06  1E 61             	MVI	E,ERRNOD-ERRN
0F08  CA 0706           	JZ	ERRMSG
0F0B  5E                	MOV	E,M
0F0C  23                	INX	H
0F0D  56                	MOV	D,M
0F0E  EB                	XCHG
0F0F  22 9103           	SHLD	CURLDATA
0F12  EB                	XCHG
0F13                    DATASRCK:
0F13  CD C103           	CALL	SCANNXT		;bscan ,
0F16  FE 80             	CPI	KEYDAT
0F18  C2 FA0E           	JNZ	DATASRCH
0F1B  C9                	RET

0F1C                    DATAINPT:

                        ;
                        ;  PAGE 63
                        ;

0F1C  CD 8107           	CALL	INPTRQST
0F1F  C8                	RZ			;INPUT OK, RETURN
0F20  C1                	POP	B		;BREAK ***
0F21  C3 CD0E           	JMP	INPSTMXT

0F24                    REAINPDC:
0F24  CD C103           	CALL	SCANNXT		;bscan ,
0F27  CD EF03           	CALL	TYPECHK
0F2A  7E                	MOV	A,M
0F2B  C2 CF1C           	JNZ	DECODE		;READ/INPUT A NUMBER
0F2E  FE 22             	CPI	'"'
0F30  CA 6811           	JZ	VALSTRGC
0F33  16 3A             	MVI	D,':'
0F35  06 2C             	MVI	B,','
0F37  2B                	DCX	H
0F38  C3 6B11           	JMP	VALSTRGS	;READ/INPUT A STRING

0F3B                    INPSTMLN:
0F3B  3A 7A03           	LDA	REAINPFL	;LINE OPTION VALID ONLY
0F3E  B7                	ORA	A		;FOR INPUT STATEMENT
0F3F  C2 0506           	JNZ	ERRASN
0F42  CD C103           	CALL	SCANNXT		;bscan +
0F45  CD 4812           	CALL	VARSCAN
0F48  E3                	XTHL
0F49  D5                	PUSH	D
0F4A  3A 8103           	LDA	TYPEFLG
0F4D  F5                	PUSH	PSW
0F4E  06 00             	MVI	B,0
0F50  CD 6A11           	CALL	VALSTRGY	;SWALOW REST OF INPUT LINE
0F53  C3 A10E           	JMP	REAINPLA	;AND ASSIGN TO STRING VARIABLE

                        ;
                        ;  Page 64
                        ;

                        ;
                        ;  NEXT STATEMENT PROCESSOR
                        ;
0F56                    NEXSTM:
0F56  11 0000           	LXI	D,0		;NEXT STATEMENT
0F59                    NEXSTML:
0F59  C4 4812           	CNZ	VARSCAN
0F5C  22 8D03           	SHLD	PROGCNTR
0F5F  CD 0F0A           	CALL	FORCHK		;VERIFY WE'RE IN FOR LOOP
0F62  C2 940F           	JNZ	ERRANF
0F65  F9                	SPHL			;BACK UP STACK
0F66  D5                	PUSH	D
0F67  7E                	MOV	A,M		;RECOVER SIGN OF STEPSIZE
0F68  23                	INX	H
0F69  F5                	PUSH	PSW
0F6A  D5                	PUSH	D
0F6B  CD D01B           	CALL	LDRGACMM	;RECOVER STEP SIZE
0F6E  E3                	XTHL
0F6F  E5                	PUSH	H
0F70  CD B919           	CALL	FLADDM		;INCREMENT CONTROL VARIABLE
0F73  E1                	POP	H
0F74  CD EA1B           	CALL	LDMMAC
0F77  E1                	POP	H
0F78  CD E11B           	CALL	LDRGMM
0F7B  E5                	PUSH	H
0F7C  CD 0F1C           	CALL	FLCMP
0F7F  E1                	POP	H
0F80  C1                	POP	B
0F81  90                	SUB	B
0F82  CD E11B           	CALL	LDRGMM		;RECOER LINE NUMBR, PROGRAM CNTR
0F85  CA 990F           	JZ	NEXSTMC		;CHECK LIMIT
0F88  CD 9F0B           	CALL	TRACE
0F8B  EB                	XCHG
0F8C  22 8903           	SHLD	CURLINE
0F8F  60                	MOV	H,B
0F90  69                	MOV	L,C
0F91  C3 960A           	JMP	FORMARK

0F94                    ERRANF:
0F94  1E 54             	MVI	E,ERRNNF-ERRN
0F96  C3 0706           	JMP	ERRMSG

0F99                    NEXSTMC:
0F99  F9                	SPHL			;END OF LOOP...
0F9A  2A 8D03           	LHLD	PROGCNTR
0F9D  7E                	MOV	A,M
0F9E  FE 2C             	CPI	','
0FA0  C2 9A0A           	JNZ	EXECUTEL	;MORE INDICES?
0FA3  CD C103           	CALL	SCANNXT		;bscan	,
0FA6  CD 590F           	CALL	NEXSTML

                        ;
                        ;  Page 65
                        ;

                        ;
                        ;  EVALUTATE AN EXPRESSION
                        ;
0FA9                    VALEXPR:
0FA9  2B                	DCX	H		;SCAN & EVALUATE AN EXPRESSION
0FAA  16 00             	MVI	D,0		;INITIAL PRECEDENCE=0
0FAC                    VALEXPRL:
0FAC  D5                	PUSH	D
0FAD  0E 01             	MVI	C,1
0FAF  CD EE04           	CALL	SPACESTK
0FB2  CD 8310           	CALL	VALPRMRY	;bscan prmry
0FB5  22 8703           	SHLD	SCANPTR2
0FB8                    VALEXPRC:
0FB8  2A 8703           	LHLD	SCANPTR2
0FBB                    VALEXPRD:
0FBB  C1                	POP	B		;PREVIOUS PRECEDENCE
0FBC  78                	MOV	A,B
0FBD  FE 70             	CPI	PREDNUM
0FBF  D4 0A0C           	CNC	CSINGLE
0FC2  7E                	MOV	A,M
0FC3  16 00             	MVI	D,000H
0FC5                    VALEXPRR:
0FC5  D6 B4             	SUI	KEYREL		;RELATION?
0FC7  DA E10F           	JC	VALEXPRO
0FCA  FE 03             	CPI	KEYFCT-KEYREL
0FCC  D2 E10F           	JNC	VALEXPRO
0FCF  FE 01             	CPI	1		;YES
0FD1  17                	RAL
0FD2  AA                	XRA	D		;CONVERT 0,1,2 TO 1,2,4
0FD3  BA                	CMP	D
0FD4  57                	MOV	D,A
0FD5  DA 0506           	JC	ERRASN
0FD8  22 8503           	SHLD	SCANPTR1
0FDB  CD C103           	CALL	SCANNXT		;bscan ,
0FDE  C3 C50F           	JMP	VALEXPRR

0FE1                    VALEXPRO:
0FE1  7A                	MOV	A,D
0FE2  B7                	ORA	A
0FE3  C2 1E10           	JNZ	VALREL
0FE6  7E                	MOV	A,M
0FE7  22 8503           	SHLD	SCANPTR1
0FEA  D6 AA             	SUI	KEYOPR		;OPERATOR?
0FEC  D8                	RC
0FED  FE 0A             	CPI	KEYREL-KEYOPR
0FEF  D0                	RNC
0FF0  5F                	MOV	E,A		;YES
0FF1  CD EF03           	CALL	TYPECHK		;STRING OPERANDS?
0FF4  B3                	ORA	E		;AND CATENATION OPERATOR?
0FF5  7B                	MOV	A,E
0FF6  CA ED11           	JZ	VALCONCT	;YES
0FF9  83                	ADD	E
0FFA  83                	ADD	E
0FFB  5F                	MOV	E,A
0FFC  21 A400           	LXI	H,OPRTABL

                        ;
                        ;  Page 66
                        ;

0FFF  19                	DAD	D
1000  78                	MOV	A,B
1001  56                	MOV	D,M
1002  BA                	CMP	D
1003  D0                	RNC
1004  23                	INX	H
1005  CD 0A0C           	CALL	CSINGLE
1008                    VALEXPR2:
1008  C5                	PUSH	B		;STACK OPERATION
1009  01 B80F           	LXI	B,VALEXPRC	;EVALUATE SECOND OPERAND
100C  C5                	PUSH	B
100D  42                	MOV	B,D
100E  4B                	MOV	C,E
100F  CD C31B           	CALL	PUSHAC
1012  50                	MOV	D,B
1013  59                	MOV	E,C
1014  4E                	MOV	C,M
1015  23                	INX	H
1016  46                	MOV	B,M
1017  C5                	PUSH	B
1018  2A 8503           	LHLD	SCANPTR1
101B  C3 AC0F           	JMP	VALEXPRL

                        ;
                        ;  EVALUATE A RELATION
                        ;
101E                    VALREL:
101E  21 3B10           	LXI	H,RELOPR	;SCAN & EVALUATE RELATION
1021  3A 8103           	LDA	TYPEFLG
1024  07                	RLC
1025  07                	RLC
1026  07                	RLC
1027  B2                	ORA	D
1028  5F                	MOV	E,A
1029  16 64             	MVI	D,PREDREL
102B  78                	MOV	A,B
102C  BA                	CMP	D
102D  D0                	RNC
102E  C3 0810           	JMP	VALEXPR2

1031                    RELOPRXT:
1031  3C                	INR	A		;MATCH RESULF OF COMPARISON
1032  8F                	ADC	A		;-1,0,1 TO 1,2,4
1033  C1                	POP	B		;VERSUS RELATION TO BE TESTED
1034  A0                	ANA	B
1035  C6 FF             	ADI	-1
1037  9F                	SBB	A
1038  C3 971C           	JMP	FLOATBYT

                        ;
                        ;  Page 67
                        ;

103B                    RELOPR:
103B  3D10              	DW	RELOPRC		;COMPUTE RELATION
103D                    RELOPRC:
103D  79                	MOV	A,C
103E  C1                	POP	B
103F  D1                	POP	D
1040  F5                	PUSH	PSW
1041  0F                	RRC
1042  0F                	RRC
1043  0F                	RRC
1044  E6 0F             	ANI	00FH
1046  CD FB0B           	CALL	COERCE
1049  21 3110           	LXI	H,RELOPRXT
104C  E5                	PUSH	H
104D  C2 0F1C           	JNZ	FLCMP		;NUMERIC COMPARISON?
1050  3E 04             	MVI	A,TYPESING	;NO, STRING
1052  32 8103           	STA	TYPEFLG
1055  D5                	PUSH	D
1056  CD BF11           	CALL	STRGRELA	;RELEASE TEMP OF SECOND OPERAND
1059  D1                	POP	D
105A  4E                	MOV	C,M
105B  23                	INX	H
105C  C5                	PUSH	B		;SAVE LENGTH
105D  4E                	MOV	C,M
105E  23                	INX	H
105F  46                	MOV	B,M
1060  C5                	PUSH	B		;AND ADDRESS
1061  CD C311           	CALL	STRGRELD	;RELEASE TEMP OF FIRST OPERAND
1064  CD E31B           	CALL	LDDCBMM
1067  E1                	POP	H
1068  E3                	XTHL
1069  5D                	MOV	E,L
106A  E1                	POP	H
106B                    RELOPRSL:
106B  7B                	MOV	A,E		;COMPARE CHARACTER BY CHARACTER
106C  B2                	ORA	D
106D  C8                	RZ
106E  7B                	MOV	A,E
106F  D6 01             	SUI	1
1071  D8                	RC
1072  AF                	XRA	A
1073  BA                	CMP	D
1074  3C                	INR	A
1075  D0                	RNC
1076  15                	DCR	D
1077  1D                	DCR	E
1078  0A                	LDAX	B
1079  BE                	CMP	M
107A  23                	INX	H
107B  03                	INX	B
107C  CA 6B10           	JZ	RELOPRSL
107F  3F                	CMC
1080  C3 8B1C           	JMP	CMPXT

                        ;
                        ;  Page 68
                        ;

                        ;
                        ;  EVALUATE A PRIMARY
                        ;
1083                    VALPRMRY:
1083  3E 04             	MVI	A,TYPESING	;SCAN & EVALUATE A PRIMARY
1085  32 8103           	STA	TYPEFLG
1088  CD C103           	CALL	SCANNXT		;bscan ,
108B  DA CF1C           	JC	DECODE		;NUMERIC CONSTANT?
108E  CD D103           	CALL	ALPHACHK
1091  DA D910           	JC	VALVAR		;VARIABLE?
1094  FE AA             	CPI	KEYADD
1096  CA 8310           	JZ	VALPRMRY
1099  FE 2E             	CPI	'.'
109B  CA CF1C           	JZ	DECODE
109E  FE AB             	CPI	KEYSUB
10A0  CA C810           	JZ	VALUMINS
10A3  FE 22             	CPI	'"'		;STRING CONSTANT?
10A5  CA 6811           	JZ	VALSTRGC
10A8  FE A8             	CPI	KEYNOT
10AA  CA 6D19           	JZ	VALUNOT
10AD  FE A7             	CPI	KEYFN		;DEFINED FUNCTION?
10AF  CA 3F14           	JZ	VALFCTD
10B2  FE 8B             	CPI	KEYIF		;CONDITIONAL EXPRESSION?
10B4  CA F410           	JZ	VALCOND
10B7  D6 B7             	SUI	KEYFCT		;INSTRISIC FUNCTION?
10B9  D2 2E11           	JNC	VALFCTN
10BC                    VALPARNS:
10BC  CD B903           	CALL	SCANNXTV	;bscan (val)
10BF  28                	DB	'('
10C0                    VALPARN2:
10C0  CD A90F           	CALL	VALEXPR		;bscan expr
10C3  CD B903           	CALL	SCANNXTV	;bscan (val)
10C6  29                	DB	')'
10C7  C9                	RET

10C8                    VALUMINS:
10C8  16 7D             	MVI	D,PREDUMIN	;EVALUATE UNARY MINUS
10CA  CD AC0F           	CALL	VALEXPRL
10CD  2A 8703           	LHLD	SCANPTR2
10D0  E5                	PUSH	H
10D1  CD AE1C           	CALL	CMACCS
10D4                    VALRETNM:
10D4  CD 0A0C           	CALL	CSINGLE
10D7  E1                	POP	H
10D8  C9                	RET

                        ;
                        ;  Page 69
                        ;

                        ;
                        ;  EVALUATE A VARIABLE
                        ;
10D9                    VALVAR:
10D9  CD 4812           	CALL	VARSCAN		;SCAN & EVALUATE VARIABLE
10DC  E5                	PUSH	H
10DD  D5                	PUSH	D
10DE  EB                	XCHG
10DF  1E D1             	MVI	E,ERRNUV-ERRN
10E1  C2 0706           	JNZ	ERRMSG
10E4  22 A903           	SHLD	ACCUMLTR
10E7  CD EF03           	CALL	TYPECHK
10EA  EB                	XCHG
10EB  21 A903           	LXI	H,ACCUMLTR
10EE  C4 ED1B           	CNZ	COPYVAL
10F1  D1                	POP	D
10F2  E1                	POP	H
10F3  C9                	RET

                        ;
                        ;  EVALUATE CONDITIONAL EXPRESSION
                        ;
10F4                    VALCOND:
10F4  CD C103           	CALL	SCANNXT		;bscan , EVAL CONDITIONAL EXPRESSION
10F7  CD 070C           	CALL	VALNUMBR	;bscan numbr
10FA  CD B903           	CALL	SCANNXTV	;bscan (val)
10FD  A0                	DB	KEYTHEN
10FE  CD 7E1C           	CALL	SIGNACC
1101  CA 1711           	JZ	VALCONDF
1104  CD A90F           	CALL	VALEXPR		;bscan expr  ;TRUE, EVALUATE THEN PORTION
1107  16 01             	MVI	D,1
1109                    VALCNDTL:
1109  0E 82             	MVI	C,KEYEND
110B  CD 860B           	CALL	SCAN2KEY	;SKIP ELSE PORTION
110E  CD B903           	CALL	SCANNXTV	;bscan (val)
1111  82                	DB	KEYEND
1112  15                	DCR	D
1113  C2 0911           	JNZ	VALCNDTL
1116  C9                	RET

1117                    VALCONDF:
1117  16 01             	MVI	D,1
1119                    VALCNDFL:
1119  0E 8C             	MVI	C,KEYELS	;FALSE, SKIP THEN PORTION
111B  CD 860B           	CALL	SCAN2KEY
111E  CD B903           	CALL	SCANNXTV	;bscan (val)
1121  8C                	DB	KEYELS
1122  15                	DCR	D
1123  C2 1911           	JNZ	VALCNDFL
1126  CD A90F           	CALL	VALEXPR		;bscan expr  ;EVALUAGE ELSE PORTION
1129  CD B903           	CALL	SCANNXTV	;bscan (val)
112C  82                	DB	KEYEND
112D  C9                	RET

                        ;
                        ;  Page 70
                        ;

                        ;
                        ;  EVALUATE INSTRINSIC FUNCTION
                        ;
112E                    VALFCTN:
112E  06 00             	MVI	B,000H		;Scan & EVALUATE INSTRINSIC FUNCTION
1130  07                	RLC
1131  4F                	MOV	C,A
1132  C5                	PUSH	B
1133  CD C103           	CALL	SCANNXT		;bscan ,
1136  79                	MOV	A,C
1137  FE 2F             	CPI	(KEYLFT-KEYFCT)*2-1	;LEFT$, MID$, OR RIGHT$
1139  DA 4E11           	JC	VALFCTAR
113C  CD B903           	CALL	SCANNXTV	;bscan (val)
113F  28                	DB	'('
1140  CD A90F           	CALL	VALEXPR		;bscan expr
1143  CD 110C           	CALL	CSTRING
1146  EB                	XCHG
1147  2A A903           	LHLD	ACCUMLTR
114A  E3                	XTHL			;PUSH STRING ONTO STACK
114B  C3 5611           	JMP	VALFCTLK

114E                    VALFCTAR:
114E  CD BC10           	CALL	VALPARNS	;EVALUATE ARGUMENT TO FUNCTION
1151  E3                	XTHL
1152  11 D410           	LXI	D,VALRETNM
1155  D5                	PUSH	D
1156                    VALFCTLK:
1156  01 C200           	LXI	B,FCTTABL	;BRANCH TO APPROPRIATE ROUTINE
1159  09                	DAD	B
115A  4E                	MOV	C,M
115B  23                	INX	H
115C  66                	MOV	H,M
115D  69                	MOV	L,C
115E  E9                	PCHL			;CALL FUNCTION

                        ;
                        ;  Page 71
                        ;

                        ;
                        ;  PROCESS STRING CONSTANT
                        ;
115F                    VALSTRGN:
115F  CD 851D           	CALL	ENCODE		;CREATE STRING FROM NUMBER
1162                    VALSTRGZ:
1162  06 80             	MVI	B,080H
1164  2B                	DCX	H
1165  C3 6A11           	JMP	VALSTRGY

1168                    VALSTRGC:
1168  06 22             	MVI	B,'"'		;SCAN & DECODE A STRING CONSTANT
116A                    VALSTRGY:
116A  50                	MOV	D,B
116B                    VALSTRGS:
116B  E5                	PUSH	H
116C  0E FF             	MVI	C,-1
116E                    VALSTRGL:
116E  23                	INX	H		;FIND STRING LENGTH
116F  7E                	MOV	A,M
1170  0C                	INR	C
1171  B7                	ORA	A
1172  CA 7D11           	JZ	VALSTRGE
1175  BA                	CMP	D
1176  CA 7D11           	JZ	VALSTRGE
1179  B8                	CMP	B
117A  C2 6E11           	JNZ	VALSTRGL
117D                    VALSTRGE:
117D  FE 22             	CPI	'"'
117F  CC C103           	CZ	SCANNXT
1182  E3                	XTHL
1183  23                	INX	H
1184  EB                	XCHG
1185  79                	MOV	A,C
1186  CD 2C15           	CALL	STRSTCDS
1189  EB                	XCHG
118A  CD C30C           	CALL	STRGTEST	;LOCATE STRING
118D  3F                	CMC
118E  1F                	RAR
118F  B0                	ORA	B
1190  F4 7D16           	CP	STRGSTOR	;MAKE COPY OF CERTAIN BUFFERS

                        ;
                        ;  Page 72
                        ;

                        ;
                        ;  ALLOCATE STRING TEMPORARY
                        ;
1193                    STRGALOT:
1193  11 8203           	LXI	D,STRGTMPL	;USE CURRENT DESCRIPTOR
1196                    STRGALOU:
1196  D5                	PUSH	D
1197  3E 03             	MVI	A,TYPESTRG	;RETURN STRING RESULT
1199  32 8103           	STA	TYPEFLG
119C  2A A503           	LHLD	STRGTMPP	;IN A NEW STRING TEMPORARY
119F  22 A903           	SHLD	ACCUMLTR
11A2  EB                	XCHG
11A3  2A A703           	LHLD	STRGTLIM	;ANY MORE TEMPORARIES?
11A6  CD D704           	CALL	CMHLLTDE
11A9  DA BA11           	JC	ERRAST
11AC  EB                	XCHG
11AD  D1                	POP	D		;GET DESCRIPTOR
11AE  CD ED1B           	CALL	COPYVAL		;COPY IT
11B1  22 A503           	SHLD	STRGTMPP
11B4  E1                	POP	H
11B5  C9                	RET

11B6                    STRGALOV:
11B6  E5                	PUSH	H
11B7  C3 9611           	JMP	STRGALOU

11BA                    ERRAST:
11BA  1E 92             	MVI	E,ERRNST-ERRN
11BC  C3 0706           	JMP	ERRMSG

                        ;
                        ;  Page 73
                        ;

                        ;
                        ;  RELEASE STRING RESOURCES
                        ;
11BF                    STRGRELA:
11BF  2A A903           	LHLD	ACCUMLTR
11C2                    STRGRELH:
11C2  EB                	XCHG
11C3                    STRGRELD:
11C3  CD DD11           	CALL	STRGRELT	;RELEASE TEMPORARY
11C6  EB                	XCHG
11C7  C0                	RNZ			;NOT OUR BOY
11C8  D5                	PUSH	D
11C9  50                	MOV	D,B
11CA  59                	MOV	E,C
11CB  1B                	DCX	D
11CC  4E                	MOV	C,M
11CD  2A A103           	LHLD	STRGFREE
11D0  CD D704           	CALL	CMHLLTDE
11D3  C2 8608           	JNZ	POPHLRET
11D6  47                	MOV	B,A		;RELEASE STRING SPACE
11D7  09                	DAD	B
11D8  22 A103           	SHLD	STRGFREE
11DB  E1                	POP	H
11DC  C9                	RET

                        ;
                        ;  RELEASE STRING TEMPORARY
                        ;
11DD                    STRGRELT:
11DD  2A A503           	LHLD	STRGTMPP	;RELEASE STRING TEMPORARY
11E0  2B                	DCX	H
11E1  46                	MOV	B,M
11E2  2B                	DCX	H
11E3  4E                	MOV	C,M
11E4  2B                	DCX	H
11E5  CD D704           	CALL	CMHLLTDE
11E8  C0                	RNZ
11E9  22 A503           	SHLD	STRGTMPP	;RELEASE STRING TEMPORARY
11EC  C9                	RET

                        ;
                        ;  Page 74
                        ;

                        ;
                        ;  EVALUATE A CATENATION
                        ;
11ED                    VALCONCT:
11ED  C5                	PUSH	B		;EVALUATE A CONCATENATION
11EE  E5                	PUSH	H
11EF  2A A903           	LHLD	ACCUMLTR	;SAVE FIRST OPERAND,
11F2  E3                	XTHL
11F3  CD 8310           	CALL	VALPRMRY	;bscan prmry  ;EVALUATE SECOND
11F6  E3                	XTHL
11F7  CD 110C           	CALL	CSTRING
11FA  7E                	MOV	A,M		;ADD LENGTHS,
11FB  E5                	PUSH	H
11FC  2A A903           	LHLD	ACCUMLTR
11FF  E5                	PUSH	H
1200  86                	ADD	M
1201  1E 3B             	MVI	E,ERRNLS-ERRN
1203  DA 0706           	JC	ERRMSG
1206  CD 2915           	CALL	STRNGEN		;AND ALLOCATE OUTPUT STRING
1209  D1                	POP	D
120A  CD C311           	CALL	STRGRELD	;RELEASE STRING TEMPORARIES
120D  E3                	XTHL
120E  CD C211           	CALL	STRGRELH
1211  E5                	PUSH	H
1212  2A 8303           	LHLD	STRGTMPA	;COPY STRINGS TO OUTPUT STRING
1215  EB                	XCHG
1216  CD 2412           	CALL	VALCONCP
1219  CD 2412           	CALL	VALCONCP
121C  21 BB0F           	LXI	H,VALEXPRD
121F  E3                	XTHL
1220  E5                	PUSH	H
1221  C3 9311           	JMP	STRGALOT

1224                    VALCONCP:
1224  E1                	POP	H		;COPY STRING FOR CATENATION
1225  E3                	XTHL
1226  7E                	MOV	A,M		;GET LENGTH,
1227  23                	INX	H
1228  4E                	MOV	C,M		;ADDRESS OF STRING
1229  23                	INX	H
122A  46                	MOV	B,M
122B  6F                	MOV	L,A

122C                    COPYSTRG:
122C  2C                	INR	L		;COPY A STRING OF LENGTH L
122D                    COPYSTRL:
122D  2D                	DCR	L		;FROM BC TO DE
122E  C8                	RZ
122F  0A                	LDAX	B
1230  12                	STAX	D
1231  03                	INX	B
1232  13                	INX	D
1233  C3 2D12           	JMP	COPYSTRL

                        ;
                        ;  Page 75
                        ;

                        ;
                        ;  DIMENSION STATEMENT PROCESSING
                        ;
1236                    DIMSTML:
1236  2B                	DCX	H
1237  CD C103           	CALL	SCANNXT		;bscan ,
123A  C8                	RZ
123B  CD B903           	CALL	SCANNXTV	;bscan (val)
123E  2C                	DB	','
123F                    DIMSTM:
123F  01 3612           	LXI	B,DIMSTML	;DIM STATEMENT
1242  C5                	PUSH	B
1243  3E 80             	MVI	A,080H
1245  C3 4912           	JMP	VARSCANI

                        ;
                        ;  SCAN A VARIABLE NAME
                        ;
1248                    VARSCAN:
1248  AF                	XRA	A		;SCAN FOR VARIABLE
1249                    VARSCANI:
1249  32 8003           	STA	MATDMFLG
124C  06 00             	MVI	B,0*TYPEDEF
124E                    VARSCNDF:
124E  CD D103           	CALL	ALPHACHK	;ENTRY TO SCAN FOR DEFINED FCT
1251  D2 0506           	JNC	ERRASN
1254  B0                	ORA	B
1255  47                	MOV	B,A
1256  0E 3F             	MVI	C,'?'
1258  16 04             	MVI	D,TYPESING	;ASSUME NUMERIC VARIABLE
125A  CD C103           	CALL	SCANNXT		;bscan ,
125D  DA 6612           	JC	VARSCAND
1260  CD D103           	CALL	ALPHACHK
1263  D2 7312           	JNC	VARSCANS
1266                    VARSCAND:
1266  4F                	MOV	C,A
1267                    VARSKIPL:
1267  CD C103           	CALL	SCANNXT		;bscan ,  ;SKIP EXTRA ALPHANUMERIC
126A  DA 6712           	JC	VARSKIPL	;CHARACTERS IN NAME
126D  CD D103           	CALL	ALPHACHK
1270  DA 6712           	JC	VARSKIPL
1273                    VARSCANS:
1273  D6 24             	SUI	'$'		;STRING VARIABLE?
1275  C2 7D12           	JNZ	VARNAME
1278  16 03             	MVI	D,TYPESTRG	;YES
127A  CD C103           	CALL	SCANNXT		;bscan ,

127D                    VARNAME:
127D  78                	MOV	A,B		;TRANSLATE IDENT OT INTERNAL FORM
127E  D6 40             	SUI	'@'		;DEF/VARIABLE IS FIRST BIT
1280  07                	RLC			;FIRST CHAR IS NEXT FIVE BITS
1281  07                	RLC
1282  47                	MOV	B,A
1283  79                	MOV	A,C		;SECOND CHAR IS NEXT SIX BITS
1284  D6 30             	SUI	'0'

                        ;
                        ;  Page 76
                        ;

1286  0F                	RRC
1287  0F                	RRC
1288  0F                	RRC
1289  0F                	RRC
128A  4F                	MOV	C,A
128B  A8                	XRA	B		;PACK THREE BYTES INTO TWO
128C  E6 03             	ANI	0003H
128E  A8                	XRA	B
128F  47                	MOV	B,A
1290  7A                	MOV	A,D
1291  32 8103           	STA	TYPEFLG
1294  A9                	XRA	C		;TYPE IS LAST FOUR BITS
1295  E6 0F             	ANI	00FH
1297  A9                	XRA	C
1298  4F                	MOV	C,A

1299  3A 7D03           	LDA	SCANPFLG
129C  86                	ADD	M
129D  FE 28             	CPI	'('		;SUBSCRIPTED?
129F  CA 0113           	JZ	MATSCANP
12A2  FE 5B             	CPI	'['		;BY LEFT BRACKET?
12A4  CA FF12           	JZ	MATSCANB
12A7  AF                	XRA	A
12A8  32 7D03           	STA	SCANPFLG
12AB  E5                	PUSH	H

                        ;
                        ;  LOOK UP VARIABLE IN TABLE
                        ;
12AC  2A 9903           	LHLD	VARTABLE
12AF                    VARSCANT:
12AF  EB                	XCHG
12B0  2A 9B03           	LHLD	MATTABLE
12B3  CD D704           	CALL	CMHLLTDE	;LOOK THROUGH VARIABLE TABLE
12B6  CA D012           	JZ	VARSCANF
12B9  1A                	LDAX	D
12BA  6F                	MOV	L,A
12BB  B9                	CMP	C
12BC  13                	INX	D
12BD  C2 C212           	JNZ	VARSCANM
12C0  1A                	LDAX	D
12C1  B8                	CMP	B
12C2                    VARSCANM:
12C2  13                	INX	D
12C3  CA FD12           	JZ	VARSCANX
12C6  7D                	MOV	A,L
12C7  E6 0F             	ANI	00FH		;ADDRESS NEXT ENTRY
12C9  6F                	MOV	L,A
12CA  26 00             	MVI	H,0
12CC  19                	DAD	D
12CD  C3 AF12           	JMP	VARSCANT

12D0                    VARSCANF:
12D0  C5                	PUSH	B		;NOT FOUND, CREATE ENTRY
12D1  79                	MOV	A,C
12D2  E6 0F             	ANI	00FH

                        ;
                        ;  Page 77
                        ;

12D4  C6 02             	ADI	2
12D6  4F                	MOV	C,A
12D7  06 00             	MVI	B,0
12D9  EB                	XCHG
12DA  2A 9D03           	LHLD	FREELIMT
12DD  E5                	PUSH	H
12DE  09                	DAD	B
12DF  C1                	POP	B
12E0  E5                	PUSH	H
12E1  CD DD04           	CALL	COPYCHK		;MOVE ARRAYS FOR SPACE
12E4  E1                	POP	H
12E5  22 9D03           	SHLD	FREELIMT
12E8  60                	MOV	H,B
12E9  69                	MOV	L,C
12EA  22 9B03           	SHLD	MATTABLE	;ALLOCATE, ZERO ENTRY
12ED                    VARALLOC:
12ED  2B                	DCX	H	
12EE  36 00             	MVI	M,000H
12F0  CD D704           	CALL	CMHLLTDE
12F3  C2 ED12           	JNZ	VARALLOC
12F6  D1                	POP	D
12F7  73                	MOV	M,E
12F8  23                	INX	H
12F9  72                	MOV	M,D
12FA  23                	INX	H
12FB  EB                	XCHG			;EXIT VARIABLE SCAN
12FC  B3                	ORA	E		;NZ=VAR NOT FOUND, CREATED
12FD                    VARSCANX:
12FD  E1                	POP	H		;HL=SCAN POINTER
12FE  C9                	RET

                        ;
                        ;  LOOK UP ARRAY IN TABLE
                        ;
12FF                    MATSCANB:
12FF  C6 01             	ADI	']'-'['+'('-')'	;(got me?)
1301                    MATSCANP:
1301  C6 01             	ADI	')'-'('
1303  E5                	PUSH	H		;SCAN SUBSCRIPT OF VARIABLE
1304  2A 8003           	LHLD	MATDMFLG
1307  B5                	ORA	L
1308  6F                	MOV	L,A
1309  E3                	XTHL			;SAVE DIMFLAG, CLOSE CHAR, TYPE
130A  16 00             	MVI	D,000H
130C                    MATSCANL:
130C  D5                	PUSH	D		;SCAN SUBSCRIPT LIST
130D  C5                	PUSH	B
130E  CD C103           	CALL	SCANNXT		;scan ,
1311  CD 1D0C           	CALL	VALINTDE	;EVALUATE SUBSCRIPT
1314  C1                	POP	B
1315  F1                	POP	PSW
1316  EB                	XCHG
1317  E3                	XTHL
1318  E5                	PUSH	H
1319  EB                	XCHG
131A  3C                	INR	A		;COUNT NUMBER OF SUBSCRIPTS

                        ;
                        ;  Page 78
                        ;

131B  57                	MOV	D,A
131C  7E                	MOV	A,M
131D  FE 2C             	CPI	','
131F  CA 0C13           	JZ	MATSCANL
1322  E3                	XTHL
1323  22 8003           	SHLD	MATDMFLG	;RESTORE DIMFLAG, TYPE
1326  7D                	MOV	A,L
1327  E1                	POP	H
1328  AE                	XRA	M
1329  87                	ADD	A		;CHECK FOR CORRECT CLOSER
132A  C2 0506           	JNZ	ERRASN
132D  22 8703           	SHLD	SCANPTR2
1330  D5                	PUSH	D
1331  2A 9B03           	LHLD	MATTABLE	;LOOK FOR NAME IN
1334  C3 3813           	JMP	MATSCANO	;MAT VARIABLE TABLE
1337                    MATSCANN:
1337  19                	DAD	D
1338                    MATSCANO:
1338  EB                	XCHG
1339  2A 9D03           	LHLD	FREELIMT
133C  EB                	XCHG
133D  CD D704           	CALL	CMHLLTDE
1340  CA 6613           	JZ	MATSCANC
1343  7E                	MOV	A,M
1344  B9                	CMP	C
1345  23                	INX	H
1346  C2 4B13           	JNZ	MATSCANM
1349  7E                	MOV	A,M
134A  B8                	CMP	B
134B                    MATSCANM:
134B  23                	INX	H
134C  5E                	MOV	E,M
134D  23                	INX	H
134E  56                	MOV	D,M
134F  23                	INX	H
1350  C2 3713           	JNZ	MATSCANN
1353  3A 8003           	LDA	MATDMFLG	;NAME FOUND
1356  B7                	ORA	A
1357  1E 10             	MVI	E,ERRNDD-ERRN
1359  FA 0706           	JM	ERRMSG
135C  F1                	POP	PSW		;RIGHT NUMBER OF SUBSCRIPTS?
135D  BE                	CMP	M
135E  CA CA13           	JZ	MATSCANI
1361                    ERRABS:
1361  1E 9F             	MVI	E,ERRNBS-ERRN
1363  C3 0706           	JMP	ERRMSG

1366                    MATSCANC:
1366  79                	MOV	A,C		;NAME NOT FOUND, CREATE NEW ENTRY
1367  E6 0F             	ANI	00FH
1369  5F                	MOV	E,A
136A  16 00             	MVI	D,0
136C  71                	MOV	M,C
136D  23                	INX	H
136E  70                	MOV	M,B
136F  23                	INX	H

                        ;
                        ;  Page 79
                        ;

1370  F1                	POP	PSW
1371  32 7F03           	STA	MATSCCNT
1374  4F                	MOV	C,A
1375  CD EE04           	CALL	SPACESTK
1378  22 8503           	SHLD	SCANPTR1
137B  23                	INX	H
137C  23                	INX	H		;plus 2
137D  41                	MOV	B,C
137E  70                	MOV	M,B
137F  23                	INX	H
1380                    MATSCNSB:
1380  3A 8003           	LDA	MATDMFLG	;SET SUBSCRIPT RANGES
1383  B7                	ORA	A
1384  78                	MOV	A,B
1385  01 0B00           	LXI	B,11		;DEFAULT RANGE=0-10
1388  F2 8D13           	JP	MATSCNSD
138B  C1                	POP	B
138C  03                	INX	B
138D                    MATSCNSD:
138D  71                	MOV	M,C
138E  23                	INX	H
138F  70                	MOV	M,B
1390  23                	INX	H
1391  F5                	PUSH	PSW
1392  E5                	PUSH	H
1393  CD FF13           	CALL	MUL16		;UPDATE ARRAY SIZE
1396  EB                	XCHG
1397  E1                	POP	H
1398  C1                	POP	B
1399  05                	DCR	B
139A  C2 8013           	JNZ	MATSCNSB
139D  42                	MOV	B,D
139E  4B                	MOV	C,E
139F  EB                	XCHG			;ALLOCATE ARRAY,
13A0  19                	DAD	D
13A1  DA 6113           	JC	ERRABS
13A4  CD FB04           	CALL	SPACECHK
13A7  22 9D03           	SHLD	FREELIMT
13AA                    MATSCANZ:
13AA  2B                	DCX	H		;AND ZERO
13AB  36 00             	MVI	M,000H
13AD  CD D704           	CALL	CMHLLTDE
13B0  C2 AA13           	JNZ	MATSCANZ
13B3  03                	INX	B		;SAVE ENTRY SIZE
13B4  67                	MOV	H,A
13B5  3A 8003           	LDA	MATDMFLG
13B8  B7                	ORA	A
13B9  3A 7F03           	LDA	MATSCCNT
13BC  6F                	MOV	L,A
13BD  29                	DAD	H
13BE  09                	DAD	B
13BF  EB                	XCHG
13C0  2A 8503           	LHLD	SCANPTR1	;AT BEGINNING OF ENTRY
13C3  73                	MOV	M,E
13C4  23                	INX	H
13C5  72                	MOV	M,D

                        ;
                        ;  Page 80
                        ;

13C6  23                	INX	H
13C7  FA F713           	JM	MATSCANX	;DIM ONLY?
13CA                    MATSCANI:
13CA  23                	INX	H		;INITIALIZE SUBSCRIPT COMPUTATION
13CB  01 0000           	LXI	B,0
13CE  C3 D213           	JMP	MATSCANS
13D1                    MATSCANR:
13D1  E1                	POP	H		;COMPUTE SPECIFIC REFERENCE
13D2                    MATSCANS:
13D2  5E                	MOV	E,M
13D3  23                	INX	H
13D4  56                	MOV	D,M
13D5  23                	INX	H
13D6  E3                	XTHL
13D7  F5                	PUSH	PSW
13D8  CD D704           	CALL	CMHLLTDE
13DB  D2 6113           	JNC	ERRABS
13DE  E5                	PUSH	H
13DF  CD FF13           	CALL	MUL16
13E2  D1                	POP	D
13E3  19                	DAD	D
13E4  F1                	POP	PSW
13E5  3D                	DCR	A
13E6  44                	MOV	B,H
13E7  4D                	MOV	C,L
13E8  C2 D113           	JNZ	MATSCANR
13EB  3A 8103           	LDA	TYPEFLG
13EE  5F                	MOV	E,A
13EF  16 00             	MVI	D,0
13F1  CD FF13           	CALL	MUL16		;MULTIPLY BY ENTRY SIZE
13F4  C1                	POP	B
13F5  09                	DAD	B
13F6  EB                	XCHG
13F7                    MATSCANX:
13F7  2A 8703           	LHLD	SCANPTR2
13FA  CD C103           	CALL	SCANNXT		;bscan ,
13FD  BF                	CMP	A
13FE  C9                	RET

13FF                    MUL16:
13FF  21 0000           	LXI	H,0		;MULTIPLY BC*DE GIVING HL
1402  78                	MOV	A,B
1403  B1                	ORA	C
1404  C8                	RZ
1405  3E 10             	MVI	A,16
1407                    MUL16LP:
1407  29                	DAD	H
1408  DA 6113           	JC	ERRABS
140B  EB                	XCHG
140C  29                	DAD	H
140D  EB                	XCHG
140E  D2 1514           	JNC	MUL16XT
1411  09                	DAD	B
1412  DA 6113           	JC	ERRABS
1415                    MUL16XT:
1415  3D                	DCR	A

                        ;
                        ;  Page 81
                        ;

1416  C2 0714           	JNZ	MUL16LP
1419  C9                	RET

                        ;
                        ;  Page 82
                        ;

                        ;
                        ;  USER-DEFINED FUNCTION DEFINITION
                        ;
141A                    DEFSTM:
141A  CD 1B15           	CALL	SCANFNN		;DEF STATEMENT
141D  E5                	PUSH	H		;CHECK IF IN DIRECT MODE
141E  2A 8903           	LHLD	CURLINE		;Z=DIRECT MODE
1421  23                	INX	H
1422  7C                	MOV	A,H
1423  B5                	ORA	L
1424  E1                	POP	H
1425  CA 1615           	JZ	ERRAID
1428  EB                	XCHG			;SAVE REFERENCE TO DEFINITION
1429  73                	MOV	M,E
142A  23                	INX	H
142B  72                	MOV	M,D
142C  EB                	XCHG	
142D  7E                	MOV	A,M
142E  FE 28             	CPI	'('		;CHECK FOR VARLIST
1430                    DEFSTML:
1430  C2 7F0B           	JNZ	DATSTM
1433  CD C103           	CALL	SCANNXT		;bscan ,
1436  CD 4812           	CALL	VARSCAN		;DEFINE VARIABLES IN LIST
1439  7E                	MOV	A,M
143A  FE 2C             	CPI	','
143C  C3 3014           	JMP	DEFSTML

                        ;  USER-DEFINED FUNCTION EVALUATION
                        ;
143F                    VALFCTD:
143F  CD 1B15           	CALL	SCANFNN		;SCAN & EVALUATE USER DEFINED FUNCTION
1442  3A 8103           	LDA	TYPEFLG		;SAVE TYPE OF FUNCTION
1445  B7                	ORA	A
1446  F5                	PUSH	PSW
1447  E5                	PUSH	H		;SAVE CALL ARGUMENTS
1448  EB                	XCHG
1449  7E                	MOV	A,M
144A  23                	INX	H
144B  66                	MOV	H,M		;FETCH FUNCTION DEFINITION
144C  6F                	MOV	L,A
144D  B4                	ORA	H
144E  1E B5             	MVI	E,ERRNUF-ERRN
1450  CA 0706           	JZ	ERRMSG		;MUST BE DEFINED ...

                        ;
                        ;  Page 83
                        ;

1453  7E                	MOV	A,M
1454  FE 28             	CPI	'('		;PARAMETERS NEEDED?
1456  C2 BB14           	JNZ	VALFCTNA	;APPARENTLY NOT
1459  CD C103           	CALL	SCANNXT		;bscan ,
145C  E3                	XTHL
145D  CD B903           	CALL	SCANNXTV	;bscan (val)
1460  28                	DB	'('		;MUST BE PARAMETERS IN CALL
1461  E3                	XTHL
1462  C3 6E14           	JMP	VALFCTDM

                        ;  ARGUMENT SCANNING
                        ;
1465                    VALFCTDL:
1465  CD B903           	CALL	SCANNXTV	;bscan (val)
1468  2C                	DB	','		;COMMAS BETWEEN ARGUMENTS
1469  E3                	XTHL
146A  CD B903           	CALL	SCANNXTV	;bscan (val)
146D  2C                	DB	','		;AND BETWEEN PARAMETERS
146E                    VALFCTDM:
146E  0E 04             	MVI	C,4		;VERIFY SPACE ON STACK
1470  CD EE04           	CALL	SPACESTK
1473  3E AB             	MVI	A,SCANPFLD	;SCAN NEXT PARAMETER
1475  32 7D03           	STA	SCANPFLG
1478  CD D910           	CALL	VALVAR		;GET CURRENT VALUE OF PARAMETER
147B  22 8503           	SHLD	SCANPTR1	;SAVE PARAMETER SCAN
147E  E1                	POP	H
147F  22 8703           	SHLD	SCANPTR2	;SAVE ARGUMENT SCAN
1482  CD EF03           	CALL	TYPECHK
1485  CA 8F14           	JZ	VALFCTPS	;PUSH STRINGS DIFFERENTLY
1488  CD C41B           	CALL	PUSHAC1		;PUSH NUMERIC ACCUMULATOR
148B  E5                	PUSH	H		;SAVE VARIABLE'S ADDRESS
148C  C3 9C14           	JMP	VALFCTPT
148F                    VALFCTPS:
148F  CD B611           	CALL	STRGALOV	;COPY DESCRIPTOR TO TEMPORARY
1492  AF                	XRA	A		;ELIMINATE ORIGINAL DESCRIPTOR
1493  1B                	DCX	D
1494  1B                	DCX	D
1495  1B                	DCX	D		;plus 3
1496  12                	STAX	D
1497  2A A903           	LHLD	ACCUMLTR	;GET ADDRESS OF DESCRIPTOR
149A  E5                	PUSH	H
149B  D5                	PUSH	D		;PUT IT BACK HERE LATER

                        ;
                        ;  Page 84
                        ;
149C                    VALFCTPT:
149C  3A 8103           	LDA	TYPEFLG		;SAVE TYPE OF PARAMETER
149F  37                	STC
14A0  D1                	POP	D
14A1  D5                	PUSH	D		;GET COPY OF ADDRESS
14A2  F5                	PUSH	PSW
14A3  2A 8503           	LHLD	SCANPTR1	;SAVE PARAMETER SCAN
14A6  E5                	PUSH	H
14A7  2A 8703           	LHLD	SCANPTR2
14AA  CD C70B           	CALL	ASSIGNVL	;UPDATE VALUE OF PARAMETER
14AD  7E                	MOV	A,M
14AE  FE 29             	CPI	')'
14B0  C2 6514           	JNZ	VALFCTDL	;MORE ARGUMENTS
14B3  CD C103           	CALL	SCANNXT		;bscan (val)
14B6  E3                	XTHL
14B7  CD B903           	CALL	SCANNXTV	;bcscan (val)
14BA  29                	DB	')'		;MUST BE END OF PARAMETERS TOO

                        ;  EVALUATE EXPRESSION
                        ;
14BB                    VALFCTNA:
14BB  CD B903           	CALL	SCANNXTV	;bscan (val)
14BE  B5                	DB	KEYEQ		;LOOK FOR EQUALS SIGN
14BF  CD A90F           	CALL	VALEXPR		;bscan expr  ;EVALUATE FUNCTION
14C2  2B                	DCX	H
14C3  CD C103           	CALL	SCANNXT		;bscan ,
14C6  C2 0506           	JNZ	ERRASN
14C9  E1                	POP	H
14CA  22 8503           	SHLD	SCANPTR1
14CD  CD EF03           	CALL	TYPECHK
14D0  C2 DA14           	JNZ	VALFCTRL
14D3  CD EC0B           	CALL	STRGUNIQ
14D6  EB                	XCHG
14D7  22 A903           	SHLD	ACCUMLTR

                        ;
                        ;  Page 85
                        ;

                        ;  RESTORE PARAMETERS
                        ;
14DA                    VALFCTRL:
14DA  F1                	POP	PSW		;RESTORE VALUES OF PARAMETERS
14DB  D2 FF14           	JNC	VALFCTCR
14DE  E1                	POP	H
14DF  CD F203           	CALL	TYPECHKA
14E2  CA F114           	JZ	VALFCTRS
14E5  C1                	POP	B
14E6  D1                	POP	D
14E7  73                	MOV	M,E		;RESTORE NUMERIC VALUE
14E8  23                	INX	H
14E9  72                	MOV	M,D
14EA  23                	INX	H
14EB  71                	MOV	M,C
14EC  23                	INX	H
14ED  70                	MOV	M,B
14EE  C3 DA14           	JMP	VALFCTRL
14F1                    VALFCTRS:
14F1  D1                	POP	D		;RESTORE STRING VALUE
14F2  EB                	XCHG
14F3  22 A503           	SHLD	STRGTMPP	;DEALLOCATE TEMPORARY
14F6  EB                	XCHG
14F7  06 03             	MVI	B,TYPESTRG
14F9  CD F11B           	CALL	COPYVALL
14FC  C3 DA14           	JMP	VALFCTRL

14FF                    VALFCTCR:
14FF  2A 8503           	LHLD	SCANPTR1	;COERCE RESULT TO CORRECT TYPE
1502  CD F203           	CALL	TYPECHKA	
1505  C2 FE0B           	JNZ	COERCEF
1508  CD 110C           	CALL	CSTRING		;STRING FUNCTION
150B  E5                	PUSH	H
150C  2A A903           	LHLD	ACCUMLTR
150F  EB                	XCHG
1510  CD DD11           	CALL	STRGRELT
1513  C3 9611           	JMP	STRGALOU

1516                    ERRAID:
1516  1E 1A             	MVI	E,ERRNID-ERRN
1518  C3 0706           	JMP	ERRMSG

151B                    SCANFNN:
151B  CD B903           	CALL	SCANNXTV	;bscan (val)
151E  A7                	DB	KEYFN
151F  3E AB             	MVI	A,SCANPFLD
1521  32 7D03           	STA	SCANPFLG
1524  06 20             	MVI	B,TYPEDEF
1526  C3 4E12           	JMP	VARSCNDF

                        ;
                        ;  Page 86
                        ;

                        ;
                        ;  GENERATE A NEW CURRENT STRING
                        ;
1529                    STRNGEN:
1529  CD 3715           	CALL	STRGALOC	;GENERATE A NEW STRING,
152C                    STRSTCDS:
152C  21 8203           	LXI	H,STRGTMPL	;SET CURRENT STRING DESCRIPTOR
152F  E5                	PUSH	H
1530  77                	MOV	M,A
1531  23                	INX	H
1532  73                	MOV	M,E
1533  23                	INX	H
1534  72                	MOV	M,D
1535  E1                	POP	H
1536  C9                	RET

                        ;
                        ;  ALLOCATE STORAGE IN STRING SPACE
                        ;
1537                    STRGALOC:
1537  B7                	ORA	A		;ALLOCATE SPACE FOR STRING,
1538  C3 3C15           	JMP	STRGALAH	;SIZE IN A
153B                    STRGALAG:
153B  F1                	POP	PSW		;ENTER FOR SECOND TRY
153C                    STRGALAH:
153C  F5                	PUSH	PSW
153D  2A 9F03           	LHLD	STCKBASE
1540  EB                	XCHG
1541  2A A103           	LHLD	STRGFREE
1544  2F                	CMA
1545  4F                	MOV	C,A
1546  06 FF             	MVI	B,0FFH
1548  09                	DAD	B
1549  23                	INX	H
154A  CD D704           	CALL	CMHLLTDE
154D  DA 5715           	JC	STRGALGC
1550  22 A103           	SHLD	STRGFREE
1553  23                	INX	H
1554  EB                	XCHG			;RETURNS:  DE=STRING ADDRESS
1555                    POPAFRET:
1555  F1                	POP	PSW
1556  C9                	RET

1557                    STRGALGC:
1557  F1                	POP	PSW		;COLLECT GARBAGE IN STRING SPACE
1558  1E 85             	MVI	E,ERRNOS-ERRN
155A  CA 0706           	JZ	ERRMSG
155D  BF                	CMP	A
155E  F5                	PUSH	PSW
155F  01 3B15           	LXI	B,STRGALAG	;THEN TRY ALLOCATION
1562  C5                	PUSH	B

                        ;
                        ;  Page 87
                        ;

                        ;
                        ;  COLLECT GARBAGE IN STRING SPACE
                        ;
1563                    STRGGBCL:
1563  2A A303           	LHLD	STRGBASE	;MAKE ALL STRINGS UNSAFE
1566                    STRGGBLP:
1566  22 A103           	SHLD	STRGFREE	;FIND HIGHEST UNSAFE STRING
1569  21 0000           	LXI	H,0
156C  E5                	PUSH	H
156D  2A 9F03           	LHLD	STCKBASE
1570  E5                	PUSH	H
1571  2A A303           	LHLD	STRGBASE	;SCAN TEMPORARIES,
1574  23                	INX	H
1575                    STRGGBTL:
1575  EB                	XCHG
1576  2A A503           	LHLD	STRGTMPP
1579  EB                	XCHG
157A  CD D704           	CALL	CMHLLTDE
157D  01 7515           	LXI	B,STRGGBTL
1580  C2 D715           	JNZ	STRGGBHI
1583  2A 9903           	LHLD	VARTABLE	;SCAN REGULAR VARIABLES,
1586                    STRGGBVR:
1586  EB                	XCHG
1587  2A 9B03           	LHLD	MATTABLE
158A  EB                	XCHG
158B  CD D704           	CALL	CMHLLTDE
158E  CA A715           	JZ	STRGGNAV
1591  7E                	MOV	A,M
1592  23                	INX	H
1593  E6 0F             	ANI	00FH
1595  D6 03             	SUI	TYPESTRG
1597  5F                	MOV	E,A
1598  9F                	SBB	A
1599  57                	MOV	D,A
159A  7E                	MOV	A,M
159B  23                	INX	H
159C  E6 80             	ANI	080H		;DEFINITIONS ARE STRINGS
159E  19                	DAD	D
159F  B3                	ORA	E
15A0  CD D915           	CALL	STRGGBHV
15A3  C3 8615           	JMP	STRGGBVR

15A6                    STRGGBAL:
15A6  C1                	POP	B
15A7                    STRGGNAV:
15A7  EB                	XCHG			;SCAN ARRAY VARIABLES
15A8  2A 9D03           	LHLD	FREELIMT
15AB  EB                	XCHG
15AC  CD D704           	CALL	CMHLLTDE
15AF  CA FF15           	JZ	STRGGBMV
15B2  CD E11B           	CALL	LDRGMM
15B5  7B                	MOV	A,E
15B6  E5                	PUSH	H
15B7  09                	DAD	B
15B8  E6 0F             	ANI	00FH

                        ;
                        ;  Page 88
                        ;

15BA  FE 03             	CPI	TYPESTRG
15BC  C2 A615           	JNZ	STRGGBAL
15BF  22 8503           	SHLD	SCANPTR1
15C2  E1                	POP	H
15C3  4E                	MOV	C,M
15C4  06 00             	MVI	B,000H
15C6  09                	DAD	B
15C7  09                	DAD	B
15C8  23                	INX	H
15C9                    STRGGBAS:
15C9  EB                	XCHG			;LOOK THROUGH ENTIRE ARRAY
15CA  2A 8503           	LHLD	SCANPTR1
15CD  EB                	XCHG
15CE  CD D704           	CALL	CMHLLTDE
15D1  CA A715           	JZ	STRGGNAV
15D4  01 C915           	LXI	B,STRGGBAS
15D7                    STRGGBHI:
15D7  C5                	PUSH	B		;COMPARE THIS STRING ADDR TO MAX
15D8  AF                	XRA	A
15D9                    STRGGBHV:
15D9  4E                	MOV	C,M		;LOAD STRING DESCRIPTOR
15DA  23                	INX	H
15DB  5E                	MOV	E,M
15DC  23                	INX	H
15DD  56                	MOV	D,M
15DE  23                	INX	H
15DF  C0                	RNZ			;NOT A STRING VARIABLE
15E0  79                	MOV	A,C
15E1  B7                	ORA	A		;CHECK FOR ZERO LENGTH
15E2  C8                	RZ
15E3  44                	MOV	B,H		;ALREADY SAFE?
15E4  4D                	MOV	C,L
15E5  2A A103           	LHLD	STRGFREE
15E8  CD D704           	CALL	CMHLLTDE
15EB  60                	MOV	H,B
15EC  69                	MOV	L,C
15ED  D8                	RC
15EE  E1                	POP	H		;COMPARE WITH HIGHEST UNSAFE
15EF  E3                	XTHL
15F0  CD D704           	CALL	CMHLLTDE
15F3  E3                	XTHL
15F4  E5                	PUSH	H
15F5  60                	MOV	H,B
15F6  69                	MOV	L,C
15F7  D0                	RNC
15F8  C1                	POP	B		;SAVE NEW HIGHEST UNSAFE ADDR
15F9  F1                	POP	PSW
15FA  F1                	POP	PSW
15FB  E5                	PUSH	H
15FC  D5                	PUSH	D
15FD  C5                	PUSH	B
15FE  C9                	RET

                        ;
                        ;  Page 89
                        ;

15FF                    STRGGBMV:
15FF  D1                	POP	D		;MAKE HIGHEST UNSAFE SAFE
1600  E1                	POP	H
1601  7D                	MOV	A,L
1602  B4                	ORA	H
1603  C8                	RZ			;ANY UNSAFE?
1604  2B                	DCX	H		;LOAD DESCRIPTOR
1605  46                	MOV	B,M
1606  2B                	DCX	H
1607  4E                	MOV	C,M
1608  E5                	PUSH	H
1609  2B                	DCX	H
160A  6E                	MOV	L,M		;FIND END OF STRING
160B  26 00             	MVI	H,000H
160D  09                	DAD	B
160E  50                	MOV	D,B
160F  59                	MOV	E,C
1610  2B                	DCX	H
1611  44                	MOV	B,H
1612  4D                	MOV	C,L
1613  2A A103           	LHLD	STRGFREE	;COPY IT TO END OF SAFE AREA
1616  CD E004           	CALL	COPYTEXT
1619  E1                	POP	H
161A  71                	MOV	M,C
161B  23                	INX	H
161C  70                	MOV	M,B
161D  60                	MOV	H,B
161E  69                	MOV	L,C
161F  2B                	DCX	H
1620  C3 6615           	JMP	STRGGBLP	;EXTEND SAFE AREA

                        ;
                        ;  Page 90
                        ;

                        ;
                        ;  VARIOUS NUMERIC/STRING CONVERSION FUNCTIONS
                        ;

                        ;
                        ;  FIND LENGTH OF STRING
                        ;
1623                    LENFCT:
1623  01 E40D           	LXI	B,FLOATA	;LEN FUNCTION
1626  C5                	PUSH	B
1627                    LENFCTC:
1627  CD 110C           	CALL	CSTRING
162A  CD BF11           	CALL	STRGRELA
162D  3E 04             	MVI	A,TYPESING
162F  32 8103           	STA	TYPEFLG
1632  7E                	MOV	A,M
1633  B7                	ORA	A
1634  23                	INX	H
1635  C9                	RET

                        ;
                        ;  CONVERT CHARACTER TO BYTE
                        ;
1636                    ASCFCT:
1636  CD 2716           	CALL	LENFCTC		;ASC FUNCTION
1639  CA 390C           	JZ	ERRAFC
163C  4E                	MOV	C,M		;FETCH ADDRESS
163D  23                	INX	H
163E  46                	MOV	B,M
163F  0A                	LDAX	B		;THEN THE FIRST CHARACTER
1640  C3 E40D           	JMP	FLOATA

                        ;
                        ;  CONVERT BYTE TO CHARACTER
                        ;
1643                    CHRFCT:
1643  3E 01             	MVI	A,1		;CHR$ FUNCTION
1645  CD 2915           	CALL	STRNGEN
1648  CD 450C           	CALL	CBYTE
164B  2A 8303           	LHLD	STRGTMPA
164E  73                	MOV	M,E
164F                    VALRETST:
164F  C1                	POP	B		;STRING FUNCTION, REMOVE CSINGLE
1650  C3 9311           	JMP	STRGALOT

                        ;
                        ;  Page 91
                        ;

                        ;
                        ;  DECODE NUMBER FROM STRING
                        ;
1653                    VALFCT:
1653  CD 2716           	CALL	LENFCTC		;VAL FUNCTION
1656  CA 301A           	JZ	ZEROAC
1659  5F                	MOV	E,A
165A  16 00             	MVI	D,0
165C  4E                	MOV	C,M
165D  23                	INX	H
165E  46                	MOV	B,M
165F  C5                	PUSH	B
1660  60                	MOV	H,B
1661  69                	MOV	L,C
1662  19                	DAD	D
1663  46                	MOV	B,M
1664  72                	MOV	M,D
1665  E3                	XTHL
1666  C5                	PUSH	B
1667  7E                	MOV	A,M
1668  CD CF1C           	CALL	DECODE
166B  C1                	POP	B
166C  E1                	POP	H
166D  70                	MOV	M,B
166E  C9                	RET

                        ;
                        ;  ENCODE NUMBER IN STRING
                        ;
166F                    STRFCT:
166F  CD 0A0C           	CALL	CSINGLE		;STR$ FUNCTION
1672  CD 5F11           	CALL	VALSTRGN	;CREATE STRING FROM NUMBER
1675  CD BF11           	CALL	STRGRELA
1678  01 4F16           	LXI	B,VALRETST
167B  C5                	PUSH	B
167C  EB                	XCHG
167D                    STRGSTOR:
167D  EB                	XCHG
167E  7E                	MOV	A,M		;STORE STRING INTO STRING SPACE,
167F  E5                	PUSH	H		;LEAVE DESCRIPTOR IN STRGTMP
1680  CD 3715           	CALL	STRGALOC
1683  E1                	POP	H
1684  CD E41B           	CALL	LDICBMM		;LOAD BUFFER ADDRESS
1687  CD 2C15           	CALL	STRSTCDS
168A  E5                	PUSH	H
168B  6F                	MOV	L,A
168C  CD 2C12           	CALL	COPYSTRG
168F                    POPDERET:
168F  D1                	POP	D
1690  C9                	RET

                        ;
                        ;  Page 92
                        ;

                        ;
                        ;  CONVERT HEX STRING TO NUMBER
                        ;
1691                    HXVFCT:
1691  CD 2716           	CALL	LENFCTC		;DO INITIAL PROCESSING
1694  CA 301A           	JZ	ZEROAC
1697  5F                	MOV	E,A
1698  4E                	MOV	C,M
1699  23                	INX	H
169A  46                	MOV	B,M
169B  21 0000           	LXI	H,0		;INITIAL OUTPUT TO ZERO
169E                    HXVFCTL:
169E  0A                	LDAX	B		;FETCH CHARACTER
169F  03                	INX	B
16A0  FE 3A             	CPI	':'		;  VERIFY THAT IT'S HEX
16A2  D4 BC16           	CNC	HXVFCTCH
16A5  D2 390C           	JNC	ERRAFC		;IF NOT, COMPLAIN
16A8  D6 30             	SUI	'0'
16AA  DA 390C           	JC	ERRAFC		;MUST BE AT LEAST ZERO
16AD  29                	DAD	H
16AE  29                	DAD	H		;INCORPORATE NEW DIGIT
16AF  29                	DAD	H
16B0  29                	DAD	H
16B1  B5                	ORA	L
16B2  6F                	MOV	L,A
16B3  1D                	DCR	E		;COUNT DIGITS
16B4  C2 9E16           	JNZ	HXVFCTL
16B7                    FLOATHL:
16B7  7C                	MOV	A,H		;CONVERT INTEGER IN HL TO FLOAT
16B8  45                	MOV	B,L
16B9  C3 E417           	JMP	FLOATAB

16BC                    HXVFCTCH:
16BC  CD D203           	CALL	ALPHACHA	;CONVERT ANY ALPHA TO UPPER
16BF  D0                	RNC
16C0  D6 07             	SUI	'A'-'9'-1	;MOVE ALPHA TO AFTER DIGITS
16C2  FE 40             	CPI	'0'+16		;SET FLAGS CORRECTLY
16C4  C9                	RET

                        ;
                        ;  Page 93
                        ;

                        ;
                        ;  CONVERT BYTE TO TWO HEX CHARACTERS
                        ;
16C5                    HEXFCT:
16C5  3E 02             	MVI	A,2		;ALLOCATE OUTPUT STRING
16C7  CD 2915           	CALL	STRNGEN
16CA  3A AC03           	LDA	FLACCEXP
16CD  CD 3C1C           	CALL	FIXAC		;GET INPUT BYTE
16D0  21 4F16           	LXI	H,VALRETST
16D3  E5                	PUSH	H
16D4  2A 8303           	LHLD	STRGTMPA
16D7  CD DA16           	CALL	HEXFCTL
16DA                    HEXFCTL:
16DA  7B                	MOV	A,E		;CONVERT ONE DIGIT
16DB  07                	RLC
16DC  07                	RLC
16DD  07                	RLC
16DE  07                	RLC
16DF  5F                	MOV	E,A
16E0  E6 0F             	ANI	00FH
16E2  FE 0A             	CPI	10
16E4  3F                	CMC			;COVERT TO CHARACTER FORM
16E5  CE 30             	ACI	'0'
16E7  27                	DAA
16E8  77                	MOV	M,A
16E9  23                	INX	H
16EA  C9                	RET

                        ;
                        ;  TRANSLATE STRING TO UPPER CASE
                        ;
16EB                    UPRFCT:
16EB  CD 110C           	CALL	CSTRING
16EE  2A A903           	LHLD	ACCUMLTR	;GET LENGTH OF OPERAND
16F1  E5                	PUSH	H
16F2  7E                	MOV	A,M
16F3  CD 2915           	CALL	STRNGEN		;ALLOCATE OUTPUT STRING
16F6  D1                	POP	D
16F7  CD C311           	CALL	STRGRELD	;RELEASE INPUT STRING
16FA  CD E31B           	CALL	LDDCBMM
16FD  2A 8303           	LHLD	STRGTMPA
1700  14                	INR	D
1701                    UPRFCTL:
1701  15                	DCR	D		;TRANSLATE WHILE COPYING
1702  CA 4F16           	JZ	VALRETST	;DONE
1705  0A                	LDAX	B
1706  CD D203           	CALL	ALPHACHA	;CONVER LOWER TO UPPER
1709  77                	MOV	M,A
170A  03                	INX	B
170B  23                	INX	H
170C  C3 0117           	JMP	UPRFCTL

                        ;
                        ;  Page 94
                        ;

                        ;
                        ;  SUBSTRING FUNCTIONS
                        ;
170F                    LFTFCT:
170F  CD 1F17           	CALL	LEFRIGAR	;LEFT$ FUNCTION
1712  AF                	XRA	A		;LEFT(X,N)=MID(X,1,N)
1713                    LEFRIGMR:
1713  E3                	XTHL
1714  4F                	MOV	C,A		;C=START-1, B=LEN
1715                    LEFRIGMD:
1715  E5                	PUSH	H		;RESOLVE DESIRED LEN WITH STRING
1716  7E                	MOV	A,M
1717  B8                	CMP	B
1718  DA 2917           	JC	LEFRIGMC
171B  78                	MOV	A,B
171C  C3 2B17           	JMP	LEFRIGMB

171F                    LEFRIGAR:
171F  EB                	XCHG			;INITIAL COMMON PROCESSING
1720  CD 3E0C           	CALL	VALBYTE2	;FOR LEFT$, RIGHT$
1723  43                	MOV	B,E
1724  CD B903           	CALL	SCANNXTV	;bscan (val)
1727  29                	DB	')'
1728  C9                	RET

1729                    LEFRIGMC:
1729  0E 00             	MVI	C,0
172B                    LEFRIGMB:
172B  C5                	PUSH	B
172C  CD 3715           	CALL	STRGALOC	;ALLOCATE ANSWER STRING
172F  C1                	POP	B
1730  E1                	POP	H
1731  E5                	PUSH	H
1732  23                	INX	H
1733  46                	MOV	B,M		;COMPUTE ADDRESSES FOR COPY
1734  23                	INX	H
1735  66                	MOV	H,M
1736  68                	MOV	L,B		;(from HL,MB)
1737  06 00             	MVI	B,0
1739  09                	DAD	B
173A  44                	MOV	B,H
173B  4D                	MOV	C,L
173C  CD 2C15           	CALL	STRSTCDS
173F  6F                	MOV	L,A
1740  CD 2C12           	CALL	COPYSTRG	;COPY
1743  D1                	POP	D
1744  CD C311           	CALL	STRGRELD
1747  C3 9311           	JMP	STRGALOT

                        ;
                        ;  Page 95
                        ;

174A                    RIGFCT:
174A  CD 1F17           	CALL	LEFRIGAR	;RIGHT$ FUNCTION
174D  D1                	POP	D
174E  D5                	PUSH	D
174F  1A                	LDAX	D
1750  90                	SUB	B		;RIGHT(X,N)=MID(X,LEN(X)-N+1,N)
1751  C3 1317           	JMP	LEFRIGMR

1754                    MIDFCT:
1754  EB                	XCHG			;MID$ FUNCTION
1755  CD 3E0C           	CALL	VALBYTE2	;SCAN STARTING POSITION
1758  43                	MOV	B,E
1759  B7                	ORA	A		;NON-ZERO STARTING POSITION?
175A  CA 390C           	JZ	ERRAFC
175D  C5                	PUSH	B
175E  1E FF             	MVI	E,0FFH
1760  7E                	MOV	A,M
1761  FE 29             	CPI	')'
1763  C4 3E0C           	CNZ	VALBYTE2	;SCAN OPTIONAL THIRD ARGUMENT
1766  CD B903           	CALL	SCANNXTV	;bscan (val)
1769  29                	DB	')'
176A  F1                	POP	PSW		;COMPUTE STARTING BYTE AND LENGTH
176B  E3                	XTHL
176C  01 1517           	LXI	B,LEFRIGMD
176F  C5                	PUSH	B
1770  3D                	DCR	A
1771  BE                	CMP	M
1772  06 00             	MVI	B,0		;START > LENI => LENO=0
1774  D0                	RNC
1775  4F                	MOV	C,A
1776  7E                	MOV	A,M
1777  91                	SUB	C
1778  BB                	CMP	E
1779  47                	MOV	B,A
177A  D8                	RC			;LEN0 = MIN(LENI-START,LENR)
177B  43                	MOV	B,E
177C  C9                	RET

                        ;
                        ;  Page 96
                        ;

                        ;
                        ;  INDEX OF STRING FUNCTION
                        ;
177D                    INSFCT:
177D  EB                	XCHG	
177E  CD B903           	CALL	SCANNXTV	;bscan (val)
1781  2C                	DB	','
1782  CD C010           	CALL	VALPARN2	;SCAN SECOND ARGUMENT
1785  E3                	XTHL			;SHUFFLE RETURN STACK
1786  01 8608           	LXI	B,POPHLRET
1789  C5                	PUSH	B
178A  E5                	PUSH	H
178B  CD 2716           	CALL	LENFCTC		;PROCESS  SECOND STRING
178E  E3                	XTHL
178F  F5                	PUSH	PSW
1790  CA B517           	JZ	INSFCTXT
1793  CD C211           	CALL	STRGRELH	;WORK ON FIRST STRING
1796  7E                	MOV	A,M
1797  C1                	POP	B
1798  D1                	POP	D
1799  90                	SUB	B		;COMPARE LENGTHS
179A  DA 301A           	JC	ZEROAC		;TEST IS LONGER, NO MATCHES
179D  3C                	INR	A
179E  4F                	MOV	C,A		;SAVE NUMBER OF ATTEMPTS
179F  C5                	PUSH	B
17A0  CD E41B           	CALL	LDICBMM		;GET ADDRESS OF TARGET
17A3  EB                	XCHG
17A4  5E                	MOV	E,M		;GET ADDRESS OF MATCHER
17A5  23                	INX	H
17A6  56                	MOV	D,M
17A7  EB                	XCHG
17A8  D1                	POP	D		;RECOVER LENGTH, COUNTER
17A9  3E 01             	MVI	A,1
17AB                    INSFCTSL:
17AB  D5                	PUSH	D		;SAVE LENGTH, COUNTER
17AC  F5                	PUSH	PSW		;SAVE POSITION
17AD  C5                	PUSH	B		;SAVE ADDRESSES
17AE  E5                	PUSH	H
17AF  5A                	MOV	E,D
17B0  CD 6B10           	CALL	RELOPRSL	;COMPARE STRINGS
17B3  E1                	POP	H		;RECOVER ADDRESSES
17B4  C1                	POP	B
17B5                    INSFCTXT:
17B5  D1                	POP	D
17B6  7A                	MOV	A,D		;RECOVER POSITION
17B7  D1                	POP	D		;AND LENGTH, COUNTER
17B8  CA E40D           	JZ	FLOATA		;ANSWER FOUND, GIVE IT BACK
17BB  3C                	INR	A		;INCREMENT POSITION
17BC  03                	INX	B
17BD  1D                	DCR	E		;COUNT ATTEMPTS
17BE  C2 AB17           	JNZ	INSFCTSL	;KEEP TRYING
17C1  C3 301A           	JMP	ZEROAC		;OR NOMATCH

                        ;
                        ;  Page 97
                        ;

                        ;
                        ;  FUNCTION RETURNING AMOUNT OF REMAINING FREE SPACE
                        ;
17C4                    FREFCT:
17C4  2A 9B03           	LHLD	MATTABLE	;FRE FUNCTION
17C7  EB                	XCHG
17C8  21 0000           	LXI	H,0
17CB  39                	DAD	SP
17CC  CD EF03           	CALL	TYPECHK
17CF  C2 DF17           	JNZ	FREFCTNS
17D2  CD BF11           	CALL	STRGRELA	;RETURN BYTES OF FREE STRNG SPACE
17D5  CD 6315           	CALL	STRGGBCL
17D8  2A 9F03           	LHLD	STCKBASE
17DB  EB                	XCHG
17DC  2A A103           	LHLD	STRGFREE
17DF                    FREFCTNS:
17DF  7D                	MOV	A,L
17E0  93                	SUB	E
17E1  47                	MOV	B,A
17E2  7C                	MOV	A,H
17E3  9A                	SBB	D
17E4                    FLOATAB:
17E4  50                	MOV	D,B
17E5  1E 00             	MVI	E,000H
17E7  21 8103           	LXI	H,TYPEFLG
17EA  36 04             	MVI	M,TYPESING
17EC  06 90             	MVI	B,090H
17EE  C3 9C1C           	JMP	FLOATINT

                        ;
                        ;  MEMORY DIDDLING FACILITIES
                        ;
17F1                    MEMFCT:
17F1  CD EF03           	CALL	TYPECHK		;MEM FUNCTION
17F4  CA FE17           	JZ	MEMFCTC
17F7  CD 260C           	CALL	CINTEGER
17FA  1A                	LDAX	D
17FB  C3 E40D           	JMP	FLOATA
17FE                    MEMFCTC:
17FE  CD 2716           	CALL	LENFCTC		;RELEASE ARGUMENT
1801  2A 9703           	LHLD	PROGBASE
1804  CA B716           	JZ	FLOATHL		;ZERO LENGTH STRING=PROGBASE
1807  2A A703           	LHLD	STRGTLIM
180A  C3 B716           	JMP	FLOATHL		;OTHERWISE=UPPER LIMIT

180D                    MEMSTM:
180D  CD C103           	CALL	SCANNXT		;bscan +  ;MEM STATEMENT
1810  CD BC10           	CALL	VALPARNS
1813  CD 260C           	CALL	CINTEGER
1816  D5                	PUSH	D
1817  CD B903           	CALL	SCANNXTV	;bscan (val)
181A  B5                	DB	KEYEQ
181B  CD 420C           	CALL	VALBYTE
181E  D1                	POP	D
181F  12                	STAX	D

                        ;
                        ;  Page 98
                        ;

1820  C9                	RET

                        ;
                        ;  Page 99
                        ;

                        ;
                        ;  DIRECT I/O FACILITIES
                        ;

1821                    PORFCT:
1821  CD 450C           	CALL	CBYTE		;PORT FUNCTION
1824  16 DB             	MVI	D,OPCINP
1826  CD 6A18           	CALL	INOTGEN
1829  CD B103           	CALL	INOTINS
182C  C3 E40D           	JMP	FLOATA

182F                    PORSTM:
182F  CD C103           	CALL	SCANNXT		;bscan +  ;PORT STATEMENT
1832  CD BC10           	CALL	VALPARNS
1835  CD 450C           	CALL	CBYTE
1838  D5                	PUSH	D
1839  CD B903           	CALL 	SCANNXTV	;bscan (val)
183C  B5                	DB	KEYEQ
183D  CD 420C           	CALL	VALBYTE
1840  D1                	POP	D
1841  16 D3             	MVI	D,OPCOUT
1843  CD 6A18           	CALL	INOTGEN
1846  C3 B103           	JMP	INOTINS

1849                    WAISTM:
1849  CD 420C           	CALL	VALBYTE		;WAIT STATEMENT
184C  D5                	PUSH	D
184D  CD 3E0C           	CALL	VALBYTE2
1850  F5                	PUSH	PSW
1851  1E 00             	MVI	E,0
1853  C4 3E0C           	CNZ	VALBYTE2
1856  C1                	POP	B
1857  4B                	MOV	C,E
1858  D1                	POP	D
1859  16 DB             	MVI	D,OPCINP
185B  CD 6A18           	CALL	INOTGEN
185E                    WAISTMIN:
185E  CD 6000           	CALL	SYSWAIT		;DO A SYSTEM WAIT
1861  CD B103           	CALL	INOTINS		;THEN CHECK DEVICE
1864  A9                	XRA	C
1865  A0                	ANA	B
1866  CA 5E18           	JZ	WAISTMIN
1869  C9                	RET

186A                    INOTGEN:
186A  E5                	PUSH	H		;GENERATE INPUT/OUTPUT FOLLOWED
186B  21 B103           	LXI	H,INOTINS	;BY RETURN
186E  72                	MOV	M,D
186F  23                	INX	H
1870  73                	MOV	M,E
1871  23                	INX	H
1872  36 C9             	MVI	M,OPCRET
1874  E1                	POP	H
1875  C9                	RET

                        ;
                        ;  Page 100
                        ;

                        ;
                        ;  CSAVE/CLOAD ROCESSORS
                        ;    save filename - save on diskette
                        ;    load filename - get from diskette
                        ;
                        ;  load and save programs from the disk
                        ;
      = B400            d14base	equ	0b400h
      = B000            fsprom	equ	0b000h
      = B39B            bootstart  equ	fsprom+39bh	;load image files
      = B8E0            directorylookup  equ  d14base+4e0h  ;find filename
      = B796            opens	equ	d14base+396h	;open stream
      = B7DC            puts	equ	d14base+3dch	;put char
      = B82D            closes	equ	d14base+42dh	;close stream
                        ;
1876                    cldstm:
1876  CD CD18           	call	setfilename	;parse filename
1879  CD E0B8           	call	directorylookup
187C  D2 8B18           	jnc	namenotfound
187F  CD 9BB3           	call	bootstart
1882  CD EE18           	call	checkprogram
1885  CD 1505           	call	newload		;reset program pointers
1888  C3 2F06           	jmp	cmndstrt
188B                    namenotfound:
188B  1E E1             	mvi	e,errnfi-errn	;file not saved
188D  C3 0706           	jmp	errmsg


1890                    csvstm:
1890  CD CD18           	call	setfilename
1893  06 02             	mvi	b,2		;write enable
1895  CD 96B7           	call	opens		;open stream (only one in D14)
1898  D2 C818           	jnc	cannotopen	; -disk full or other bad stuff
189B  CD EE18           	call	checkprogram
189E  E5                	push	h		;save end pointer
189F  2A 9703           	lhld	progbase	;first address
18A2  4D                	mov	c,l
18A3  CD DCB7           	call	puts
18A6  4C                	mov	c,h
18A7  CD DCB7           	call	puts
18AA  0E 00             	mvi	c,0		;start address = 0 for no start
18AC  CD DCB7           	call	puts
18AF  CD DCB7           	call	puts
18B2  D1                	pop	d		;de has end address=1
18B3                    saveloop:
18B3  4E                	mov	c,m		;get char
18B4  23                	inx	h
18B5  CD DCB7           	call	puts		;and send t file
18B8  7C                	mov	a,h		;is this the end?
18B9  BA                	cmp	d
18BA  C2 B318           	jnz	saveloop
18BD  7D                	mov	a,l
18BE  BB                	cmp	e
18BF  C2 B318           	jnz	saveloop
18C2  CD 2DB8           	call	closes		;yes

                        ;
                        ;  Page 101
                        ;

18C5  C3 2F06           	jmp	cmndstrt
18C8                    cannotopen:
18C8  1E 09             	mvi	e,errnsl-errn
18CA  C3 0706           	jmp	errmsg


                        ;  setfilename
                        ;    returns hl set to a filename string
                        ;
18CD                    setfilename:
18CD  11 0519           	lxi	d,filename+1
18D0  06 00             	mvi	b,0
18D2                    sfnloop:
18D2  7E                	mov	a,m		;look at char
18D3  FE 00             	cpi	0
18D5  CA E418           	jz	sfndone
18D8  FE 20             	cpi	' '
18DA  CA E418           	jz	sfndone
18DD  04                	inr	b		;up count
18DE  23                	inx	h
18DF  12                	stax	d
18E0  13                	inx	d
18E1  C3 D218           	jmp	sfnloop
18E4                    sfndone:
18E4  21 0419           	lxi	h,filename
18E7  AF                	xra	a		;is the name non zero
18E8  B0                	ora	b
18E9  CA 0506           	jz	errasn		;yes
18EC  77                	mov	m,a		;store count
18ED  C9                	ret


                        ;  checkprogram
                        ;    walk over the program looking for the end
                        ;    return last byte+1 in hl
                        ;
18EE                    checkprogram:
18EE  2A 9703           	lhld	progbase	;starts here
18F1                    cprogloop:
18F1  7E                	mov	a,m		;pick up line length
18F2  23                	inx	h
18F3  B6                	ora	m
18F4  23                	inx	h
18F5  CA 0319           	jz	cprogok		;if zero then all done
18F8  23                	inx	h
18F9  23                	inx	h		;skip line number
18FA                    cprogloop2:
18FA  7E                	mov	a,m
18FB  B7                	ora	a
18FC  23                	inx	h
18FD  CA F118           	jz	cprogloop	;zero at the end of the line
1900  C3 FA18           	jmp	cprogloop2
1903                    cprogok:
1903  C9                	ret
1904   (003C)           filename:  ds	60

                        ;
                        ;  Page 102
                        ;

                        ;
                        ;  LOGICAL OPERATORS
                        ;


1940                    ORNOPR:
1940  B7                	ORA	A		;OR OPERATOR
1941  C3 4519           	JMP	LOGOPRIC
1944                    ANDOPR:
1944  AF                	XRA	A		;AND OPERATOR
1945                    LOGOPRIC:
1945  F5                	PUSH	PSW
1946  CD 0A0C           	CALL	CSINGLE
1949  CD 260C           	CALL	CINTEGER
194C  F1                	POP	PSW
194D  EB                	XCHG
194E  C1                	POP	B
194F  E3                	XTHL
1950  EB                	XCHG
1951  CD D31B           	CALL	LDACRG
1954  F5                	PUSH	PSW
1955  CD 260C           	CALL	CINTEGER
1958  F1                	POP	PSW
1959  C1                	POP	B
195A  79                	MOV	A,C
195B  C2 6519           	JNZ	ORNOPRFN
195E  A3                	ANA	E
195F  4F                	MOV	C,A
1960  78                	MOV	A,B
1961  A2                	ANA	D
1962  C3 6919           	JMP	LOGOPRXT	;RETURN FROM AND

1965                    ORNOPRFN:
1965  B3                	ORA	E
1966  4F                	MOV	C,A
1967  78                	MOV	A,B
1968  B2                	ORA	D
1969                    LOGOPRXT:
1969  41                	MOV	B,C
196A  C3 E417           	JMP	FLOATAB		;RETURN FROM OR

196D                    VALUNOT:
196D  16 5A             	MVI	D,PREDNOT	;EVALUATE UNARY NOT
196F  CD AC0F           	CALL	VALEXPRL
1972  CD 0A0C           	CALL	CSINGLE
1975  CD 260C           	CALL	CINTEGER
1978  7B                	MOV	A,E
1979  2F                	CMA
197A  4F                	MOV	C,A
197B  7A                	MOV	A,D
197C  2F                	CMA
197D  CD 6919           	CALL	LOGOPRXT
1980  C1                	POP	B
1981  C3 B80F           	JMP	VALEXPRC

                        ;
                        ;  Page 103
                        ;

                        ;
                        ;  MOD, MAXIMUM, MINIMUM OPERATORS
                        ;


1984                    MODOPR:
1984  C1                	POP	B		;MODULO FUNCTION
1985  D1                	POP	D		;X MOD Y =
1986  D5                	PUSH	D		;X - INT(X/Y) * Y
1987  C5                	PUSH	B
1988  2A A903           	LHLD	ACCUMLTR
198B  E5                	PUSH	H
198C  2A AB03           	LHLD	FLACCMSB
198F  E5                	PUSH	H
1990  CD 431B           	CALL	FLDIV
1993  CD B61C           	CALL	INTFCT
1996  C1                	POP	B
1997  D1                	POP	D
1998  CD B71A           	CALL	FLMUL
199B  C3 C519           	JMP	SUBOPR

199E                    MAXOPR:
199E  C1                	POP	B
199F  D1                	POP	D
19A0  CD 0F1C           	CALL	FLCMP		;COMPARE OPERANDS
19A3  C8                	RZ			;NO DIFFERENCE
19A4  DA D31B           	JC	LDACRG		;REGISTERS LARGER
19A7  C3 DE1B           	JMP	LDRGAC		;ACUMULATOR LARGER

19AA                    MINOPR:
19AA  C1                	POP	B
19AB  D1                	POP	D
19AC  CD 0F1C           	CALL	FLCMP		;COMPARE OPERANDS
19AF  C8                	RZ			;NO DIFFERENCE
19B0  D2 D31B           	JNC	LDACRG		;REGISTERS SMALLER
19B3  C3 DE1B           	JMP	LDRGAC		;ACCUMULATOR SMALLER

                        ;
                        ;  Page 104
                        ;

                        ;
                        ;  FLOATING POINT ADD/SUBTRACT ROUTINES
                        ;


19B6                    FLADDHLF:
19B6  21 561E           	LXI	H,FLHALF
19B9                    FLADDM:
19B9  CD E11B           	CALL	LDRGMM
19BC  C3 CA19           	JMP	FLADD

19BF                    FLMMMAC:
19BF  CD E11B           	CALL	LDRGMM		;COMPUTE MM-AC
19C2  C3 C719           	JMP	FLSUB

19C5                    SUBOPR:
19C5  C1                	POP	B
19C6  D1                	POP	D
19C7                    FLSUB:
19C7  CD AE1C           	CALL	CMACCS		;SUBTRACT ACC FROM REGISTERS
19CA                    FLADD:
19CA  78                	MOV	A,B		;ADD ACCUMULATOR TO REGISTERS
19CB  B7                	ORA	A
19CC  C8                	RZ
19CD  3A AC03           	LDA	FLACCEXP
19D0  B7                	ORA	A
19D1  CA D31B           	JZ	LDACRG
19D4  90                	SUB	B
19D5  D2 E419           	JNC	FLADDMGC
19D8  2F                	CMA			;NEED LARGER IN AC, INTERCHANGE
19D9  3C                	INR	A
19DA  EB                	XCHG
19DB  CD C31B           	CALL	PUSHAC
19DE  EB                	XCHG
19DF  CD D31B           	CALL	LDACRG
19E2  C1                	POP	B
19E3  D1                	POP	D
19E4                    FLADDMGC:
19E4  FE 19             	CPI	019H		;ARE MAGNITUDES ARE COMMENSURATE?
19E6  D0                	RNC
19E7  F5                	PUSH	PSW
19E8  CD FA1B           	CALL	SIGNIFY
19EB  67                	MOV	H,A
19EC  F1                	POP	PSW
19ED  CD 911A           	CALL	SHIFTR0
19F0  B4                	ORA	H
19F1  21 A903           	LXI	H,ACCUMLTR
19F4  F2 0A1A           	JP	FLADDIFF
19F7  CD 711A           	CALL	ADDM2CDE
19FA  D2 501A           	JNC	FLROUND
19FD  23                	INX	H
19FE  34                	INR	M
19FF  CA 6C1A           	JZ	ERRAOV
1A02  2E 01             	MVI	L,001H
1A04  CD A71A           	CALL	SHIFTRLB
1A07  C3 501A           	JMP	FLROUND

                        ;
                        ;  Page 105
                        ;

1A0A                    FLADDIFF:
1A0A  AF                	XRA	A		;FIND DIFFERENCE
1A0B  90                	SUB	B
1A0C  47                	MOV	B,A
1A0D  7E                	MOV	A,M
1A0E  9B                	SBB	E
1A0F  5F                	MOV	E,A
1A10  23                	INX	H
1A11  7E                	MOV	A,M
1A12  9A                	SBB	D
1A13  57                	MOV	D,A
1A14  23                	INX	H
1A15  7E                	MOV	A,M
1A16  99                	SBB	C
1A17  4F                	MOV	C,A
1A18                    NORMALZI:
1A18  DC 7D1A           	CC	CMREGS
1A1B                    NORMALIZ:
1A1B  68                	MOV	L,B		;NORMALIZE REGISTERS
1A1C  63                	MOV	H,E
1A1D  AF                	XRA	A
1A1E                    NORMAL8:
1A1E  47                	MOV	B,A		;NORMALIZE BY BYTES
1A1F  79                	MOV	A,C
1A20  B7                	ORA	A
1A21  C2 3D1A           	JNZ	NORMAL1
1A24  4A                	MOV	C,D
1A25  54                	MOV	D,H
1A26  65                	MOV	H,L
1A27  6F                	MOV	L,A
1A28  78                	MOV	A,B
1A29  D6 08             	SUI	008H
1A2B  FE E0             	CPI	0E0H
1A2D  C2 1E1A           	JNZ	NORMAL8
1A30                    ZEROAC:
1A30  AF                	XRA	A		;ZERO ACCUMULATOR
1A31                    LDACCE:
1A31  32 AC03           	STA	FLACCEXP
1A34  C9                	RET

1A35                    NORMAL1L:
1A35  05                	DCR	B		;NORMALIZE BY BITS
1A36  29                	DAD	H
1A37  7A                	MOV	A,D
1A38  17                	RAL
1A39  57                	MOV	D,A
1A3A  79                	MOV	A,C
1A3B  8F                	ADC	A
1A3C  4F                	MOV	C,A
1A3D                    NORMAL1:
1A3D  F2 351A           	JP	NORMAL1L
1A40  78                	MOV	A,B
1A41  5C                	MOV	E,H
1A42  45                	MOV	B,L
1A43  B7                	ORA	A

                        ;
                        ;  Page 106
                        ;

1A44  CA 501A           	JZ	FLROUND
1A47  21 AC03           	LXI	H,FLACCEXP
1A4A  86                	ADD	M
1A4B  77                	MOV	M,A
1A4C  D2 301A           	JNC	ZEROAC
1A4F  C8                	RZ
1A50                    FLROUND:
1A50  78                	MOV	A,B		;ROUND RESULT
1A51                    FLROUNDV:
1A51  21 AC03           	LXI	H,FLACCEXP
1A54  B7                	ORA	A
1A55  FC 621A           	CM	INCCDE
1A58  46                	MOV	B,M
1A59  23                	INX	H
1A5A  7E                	MOV	A,M
1A5B  E6 80             	ANI	080H
1A5D  A9                	XRA	C
1A5E  4F                	MOV	C,A
1A5F  C3 D31B           	JMP	LDACRG

1A62                    INCCDE:
1A62  1C                	INR	E		;INCREMENT CDE
1A63  C0                	RNZ
1A64  14                	INR	D
1A65  C0                	RNZ
1A66  0C                	INR	C
1A67  C0                	RNZ
1A68  0E 80             	MVI	C,080H
1A6A  34                	INR	M
1A6B  C0                	RNZ
1A6C                    ERRAOV:
1A6C  1E 6D             	MVI	E,ERRNOV-ERRN
1A6E  C3 0706           	JMP	ERRMSG

1A71                    ADDM2CDE:
1A71  7E                	MOV	A,M		;ADD MEMORY TO CDE
1A72  83                	ADD	E
1A73  5F                	MOV	E,A
1A74  23                	INX	H
1A75  7E                	MOV	A,M
1A76  8A                	ADC	D
1A77  57                	MOV	D,A
1A78  23                	INX	H
1A79  7E                	MOV	A,M
1A7A  89                	ADC	C
1A7B  4F                	MOV	C,A
1A7C  C9                	RET

                        ;
                        ;  Page 107
                        ;

1A7D                    CMREGS:
1A7D  21 AD03           	LXI	H,FLACCSSV	;COMPLEMENT SAVED SIGN, CDEB
1A80  7E                	MOV	A,M
1A81  2F                	CMA
1A82  77                	MOV	M,A
1A83  AF                	XRA	A
1A84  6F                	MOV	L,A
1A85  90                	SUB	B
1A86  47                	MOV	B,A
1A87  7D                	MOV	A,L
1A88  9B                	SBB	E
1A89  5F                	MOV	E,A
1A8A  7D                	MOV	A,L
1A8B  9A                	SBB	D
1A8C  57                	MOV	D,A
1A8D  7D                	MOV	A,L
1A8E  99                	SBB	C
1A8F  4F                	MOV	C,A
1A90  C9                	RET

1A91                    SHIFTR0:
1A91  06 00             	MVI	B,000H
1A93                    SHIFTR:
1A93  D6 08             	SUI	008H		;SHIFT CDEB RIGHT BY A BITS
1A95  DA A01A           	JC	SHIFTRB
1A98  43                	MOV	B,E
1A99  5A                	MOV	E,D
1A9A  51                	MOV	D,C
1A9B  0E 00             	MVI	C,000H
1A9D  C3 931A           	JMP	SHIFTR
1AA0                    SHIFTRB:
1AA0  C6 09             	ADI	009H
1AA2  6F                	MOV	L,A
1AA3                    SHIFTRBL:
1AA3  AF                	XRA	A
1AA4  2D                	DCR	L
1AA5  C8                	RZ
1AA6  79                	MOV	A,C
1AA7                    SHIFTRLB:
1AA7  1F                	RAR
1AA8  4F                	MOV	C,A
1AA9  7A                	MOV	A,D
1AAA  1F                	RAR
1AAB  57                	MOV	D,A
1AAC  7B                	MOV	A,E
1AAD  1F                	RAR
1AAE  5F                	MOV	E,A
1AAF  78                	MOV	A,B
1AB0  1F                	RAR
1AB1  47                	MOV	B,A
1AB2  C3 A31A           	JMP	SHIFTRBL

                        ;
                        ;  Page 108
                        ;

                        ;
                        ;  FLOATING POINT MULTIPLY ROUTINE
                        ;

1AB5                    MULOPR:
1AB5  C1                	POP	B
1AB6  D1                	POP	D
1AB7                    FLMUL:
1AB7  CD 7E1C           	CALL	SIGNACC		;MULTIPLY REGISTERS BY ACC
1ABA  C8                	RZ
1ABB  2E 00             	MVI	L,000H
1ABD  CD 0A1B           	CALL	FLMLDVEX
1AC0  79                	MOV	A,C
1AC1  32 B103           	STA	FLSCR0
1AC4  EB                	XCHG
1AC5  22 B203           	SHLD	FLSCR1
1AC8  01 0000           	LXI	B,0
1ACB  50                	MOV	D,B
1ACC  59                	MOV	E,C
1ACD  21 1B1A           	LXI	H,NORMALIZ	;NORMALIZE ANSWER AFTER
1AD0  E5                	PUSH	H
1AD1  21 D91A           	LXI	H,FLMULLP	;THREE TIMES THROUGH LOOP
1AD4  E5                	PUSH	H
1AD5  E5                	PUSH	H
1AD6  21 A903           	LXI	H,ACCUMLTR
1AD9                    FLMULLP:
1AD9  7E                	MOV	A,M
1ADA  23                	INX	H
1ADB  B7                	ORA	A
1ADC  CA 051B           	JZ	FLMULXT
1ADF  E5                	PUSH	H
1AE0  2E 08             	MVI	L,008H
1AE2                    FLMULLQ:
1AE2  1F                	RAR			;NEXT BIT OF MULTIPLIER
1AE3  67                	MOV	H,A
1AE4  79                	MOV	A,C
1AE5  D2 F31A           	JNC	FLMULNA
1AE8  E5                	PUSH	H
1AE9  2A B203           	LHLD	FLSCR1		;BIT ON, ADD MULTIPLICAND
1AEC  19                	DAD	D
1AED  EB                	XCHG
1AEE  E1                	POP	H
1AEF  3A B103           	LDA	FLSCR0
1AF2  89                	ADC	C
1AF3                    FLMULNA:
1AF3  1F                	RAR			;SHIFT CDEB RIGHT ONE BIT
1AF4  4F                	MOV	C,A
1AF5  7A                	MOV	A,D
1AF6  1F                	RAR
1AF7  57                	MOV	D,A
1AF8  7B                	MOV	A,E
1AF9  1F                	RAR
1AFA  5F                	MOV	E,A
1AFB  78                	MOV	A,B
1AFC  1F                	RAR

                        ;
                        ;  Page 109
                        ;

1AFD  47                	MOV	B,A
1AFE  2D                	DCR	L
1AFF  7C                	MOV	A,H
1B00  C2 E21A           	JNZ	FLMULLQ
1B03  E1                	POP	H
1B04  C9                	RET

1B05                    FLMULXT:
1B05  43                	MOV	B,E
1B06  5A                	MOV	E,D
1B07  51                	MOV	D,C
1B08  4F                	MOV	C,A
1B09  C9                	RET

1B0A                    FLMLDVEX:
1B0A  78                	MOV	A,B		;COMPUTE EXP FOR MULTIPLY/DIVIDE
1B0B  B7                	ORA	A
1B0C  CA 2E1B           	JZ	FLMLDVEZ
1B0F  7D                	MOV	A,L
1B10  21 AC03           	LXI	H,FLACCEXP
1B13  AE                	XRA	M
1B14  80                	ADD	B
1B15  47                	MOV	B,A
1B16  1F                	RAR
1B17  A8                	XRA	B
1B18  78                	MOV	A,B
1B19  F2 2D1B           	JP	FLMLDVEY
1B1C  C6 80             	ADI	080H
1B1E  77                	MOV	M,A
1B1F  CA 8608           	JZ	POPHLRET
1B22  CD FA1B           	CALL	SIGNIFY
1B25  77                	MOV	M,A
1B26  2B                	DCX	H
1B27  C9                	RET

1B28                    EXPRNEXC:
1B28  CD 7E1C           	CALL	SIGNACC		;RANGE EXECEEDED FOR EXP FUNCTION
1B2B  2F                	CMA			;RESULT DETERMINED BY SGN(X)
1B2C  E1                	POP	H
1B2D                    FLMLDVEY:
1B2D  B7                	ORA	A
1B2E                    FLMLDVEZ:
1B2E  E1                	POP	H
1B2F  F2 301A           	JP	ZEROAC
1B32  C3 6C1A           	JMP	ERRAOV

                        ;
                        ;  Page 110
                        ;

                        ;
                        ;  FLOATING POINT DIVIDE ROUTINE
                        ;


1B35                    FLDIVB10:
1B35  CD C31B           	CALL	PUSHAC		;COMPUTE AC/10
1B38  01 2084           	LXI	B,08420H
1B3B  11 0000           	LXI	D,00000H
1B3E  CD D31B           	CALL	LDACRG
1B41                    DIVOPR:
1B41  C1                	POP	B
1B42  D1                	POP	D
1B43                    FLDIV:
1B43  CD 7E1C           	CALL	SIGNACC		;DIVIDE REGISTERS BY ACCUMULATOR
1B46  CA BE1B           	JZ	ERRAD0
1B49  2E FF             	MVI	L,0FFH
1B4B  CD 0A1B           	CALL	FLMLDVEX
1B4E  34                	INR	M
1B4F  34                	INR	M		;plus 2
1B50  2B                	DCX	H
1B51  7E                	MOV	A,M
1B52  2F                	CMA
1B53  32 B303           	STA	FLSCR2
1B56  2B                	DCX	H
1B57  7E                	MOV	A,M
1B58  2F                	CMA
1B59  32 B203           	STA	FLSCR1
1B5C  2B                	DCX	H
1B5D  7E                	MOV	A,M
1B5E  2F                	CMA
1B5F  32 B103           	STA	FLSCR0
1B62  41                	MOV	B,C
1B63  EB                	XCHG
1B64  AF                	XRA	A
1B65  4F                	MOV	C,A
1B66  57                	MOV	D,A
1B67  5F                	MOV	E,A
1B68  32 B403           	STA	FLSCR3
1B6B                    FLDIVLP:
1B6B  E5                	PUSH	H
1B6C  C5                	PUSH	B
1B6D  37                	STC
1B6E  3A B103           	LDA	FLSCR0
1B71  8D                	ADC	L
1B72  6F                	MOV	L,A
1B73  3A B203           	LDA	FLSCR1
1B76  8C                	ADC	H
1B77  67                	MOV	H,A
1B78  3A B303           	LDA	FLSCR2
1B7B  88                	ADC	B
1B7C  47                	MOV	B,A
1B7D  3A B403           	LDA	FLSCR3
1B80  CE FF             	ACI	0FFH
1B82  D2 8E1B           	JNC	FLDIVSF
1B85  32 B403           	STA	FLSCR3

                        ;
                        ;  Page 111
                        ;

1B88  F1                	POP	PSW		;TRIAL SUBRACT SUCCEEDED,
1B89  F1                	POP	PSW		;THROW AWAY SAVED DIVIDEND
1B8A  37                	STC
1B8B  C3 901B           	JMP	FLDIVSS
1B8E                    FLDIVSF:
1B8E  C1                	POP	B		;TRIAL SUBTRACT FAILED, RESTORE
1B8F  E1                	POP	H
1B90                    FLDIVSS:
1B90  79                	MOV	A,C
1B91  3C                	INR	A
1B92  3D                	DCR	A
1B93  1F                	RAR
1B94  FA 511A           	JM	FLROUNDV
1B97  17                	RAL
1B98  7B                	MOV	A,E
1B99  17                	RAL
1B9A  5F                	MOV	E,A
1B9B  7A                	MOV	A,D
1B9C  17                	RAL
1B9D  57                	MOV	D,A
1B9E  79                	MOV	A,C
1B9F  17                	RAL
1BA0  4F                	MOV	C,A
1BA1  29                	DAD	H
1BA2  78                	MOV	A,B
1BA3  17                	RAL
1BA4  47                	MOV	B,A
1BA5  3A B403           	LDA	FLSCR3
1BA8  17                	RAL
1BA9  32 B403           	STA	FLSCR3
1BAC  79                	MOV	A,C
1BAD  B2                	ORA	D
1BAE  B3                	ORA	E
1BAF  C2 6B1B           	JNZ	FLDIVLP
1BB2  E5                	PUSH	H
1BB3  21 AC03           	LXI	H,FLACCEXP
1BB6  35                	DCR	M
1BB7  E1                	POP	H
1BB8  C2 6B1B           	JNZ	FLDIVLP	
1BBB  C3 6C1A           	JMP	ERRAOV

1BBE                    ERRAD0:
1BBE  1E 21             	MVI	E,ERRND0-ERRN
1BC0  C3 0706           	JMP	ERRMSG

                        ;
                        ;  Page 112
                        ;

                        ;
                        ;  MISCELLANEOUS AUXILIARY ROUTINES
                        ;


                        ;
                        ;  CPY ACCUMULATOR TO STACK
                        ;
1BC3                    PUSHAC:
1BC3  EB                	XCHG			;PUSH ACCUMULATOR ONTO STACK
1BC4                    PUSHAC1:
1BC4  2A A903           	LHLD	ACCUMLTR
1BC7  E3                	XTHL
1BC8  E5                	PUSH	H
1BC9  2A AB03           	LHLD	FLACCMSB
1BCC  E3                	XTHL
1BCD  E5                	PUSH	H
1BCE  EB                	XCHG
1BCF  C9                	RET

                        ;
                        ;  LOAD ACCUMULATOR
                        ;
1BD0                    LDRGACMM:
1BD0  CD E11B           	CALL	LDRGMM		;LOAD FLOATING ACC AND REGISTERS
1BD3                    LDACRG:
1BD3  EB                	XCHG			;LOAD ACCUMULATOR FROM REGISTERS
1BD4  22 A903           	SHLD	ACCUMLTR
1BD7  60                	MOV	H,B
1BD8  69                	MOV	L,C
1BD9  22 AB03           	SHLD	FLACCMSB
1BDC  EB                	XCHG
1BDD  C9                	RET

                        ;
                        ;  LOAD REGISTERS
                        ;
1BDE                    LDRGAC:
1BDE  21 A903           	LXI	H,ACCUMLTR	;LOAD REGISTERS FROM ACCUMULATOR
1BE1                    LDRGMM:
1BE1  5E                	MOV	E,M		;LOAD REGISTERS FROM FLOAT NUMBER
1BE2  23                	INX	H
1BE3                    LDDCBMM:
1BE3  56                	MOV	D,M		;LOAD REGISTERS FROM STRING
1BE4                    LDICBMM:
1BE4  23                	INX	H
1BE5  4E                	MOV	C,M
1BE6  23                	INX	H
1BE7  46                	MOV	B,M
1BE8                    INCHLRET:
1BE8  23                	INX	H
1BE9  C9                	RET

                        ;
                        ;  Page 113
                        ;

                        ;
                        ;  STORE ACCUMULATOR / COPY A VALUE
                        ;
1BEA                    LDMMAC:
1BEA  11 A903           	LXI	D,ACCUMLTR	;LOAD MEMORY FROM ACCUMULATOR
1BED                    COPYVAL:
1BED  3A 8103           	LDA	TYPEFLG		;COPY VALUE FROM (DE) TO (HL)
1BF0  47                	MOV	B,A
1BF1                    COPYVALL:
1BF1  1A                	LDAX	D
1BF2  77                	MOV	M,A
1BF3  13                	INX	D
1BF4  23                	INX	H
1BF5  05                	DCR	B
1BF6  C2 F11B           	JNZ	COPYVALL
1BF9  C9                	RET

                        ;
                        ;  TURN ON HIGH ORDER MANTISSA BITS OF ACCUMULATOR/REGISTERS
                        ;
1BFA                    SIGNIFY:
1BFA  21 AB03           	LXI	H,FLACCMSB	;SET ON HIGH-ORDER MANTISSA BITS,
1BFD  7E                	MOV	A,M		;AND SAVE SIGN IN FLACCSSV
1BFE  07                	RLC
1BFF  37                	STC
1C00  1F                	RAR
1C01  77                	MOV	M,A		;FIRST ACCUMULATOR,
1C02  3F                	CMC
1C03  1F                	RAR
1C04  23                	INX	H
1C05  23                	INX	H
1C06  77                	MOV	M,A
1C07  79                	MOV	A,C
1C08  07                	RLC
1C09  37                	STC
1C0A  1F                	RAR
1C0B  4F                	MOV	C,A		;THEN REGISTERS
1C0C  1F                	RAR
1C0D  AE                	XRA	M
1C0E  C9                	RET

                        ;
                        ;  Page 114
                        ;

                        ;
                        ;  FLOATING POINT COMPARISON:  REGISTERS VS ACCUMULATOR
                        ;
1C0F                    FLCMP:
1C0F  78                	MOV	A,B		;FLOATING COMPARE REGS TO ACC
1C10  B7                	ORA	A
1C11  CA 7E1C           	JZ	SIGNACC
1C14  21 891C           	LXI	H,FLCMPXT
1C17  E5                	PUSH	H
1C18  CD 7E1C           	CALL	SIGNACC
1C1B  79                	MOV	A,C
1C1C  C8                	RZ
1C1D  21 AB03           	LXI	H,FLACCMSB
1C20  AE                	XRA	M
1C21  79                	MOV	A,C
1C22  F8                	RM
1C23  CD 291C           	CALL	FLCMPM
1C26  1F                	RAR
1C27  A9                	XRA	C
1C28  C9                	RET

1C29                    FLCMPM:
1C29  23                	INX	H		;COMPARE MANTISSAS
1C2A  78                	MOV	A,B
1C2B  BE                	CMP	M
1C2C  C0                	RNZ
1C2D  2B                	DCX	H
1C2E  79                	MOV	A,C
1C2F  BE                	CMP	M
1C30  C0                	RNZ
1C31  2B                	DCX	H
1C32  7A                	MOV	A,D
1C33  BE                	CMP	M
1C34  C0                	RNZ
1C35  2B                	DCX	H
1C36  7B                	MOV	A,E
1C37  96                	SUB	M
1C38  C0                	RNZ
1C39  E1                	POP	H
1C3A  E1                	POP	H
1C3B  C9                	RET

                        ;
                        ;  Page 115
                        ;

                        ;
                        ;  COMPUTER INTEGER PART OF ACCUMULATOR
                        ;
1C3C                    FIXAC:
1C3C  47                	MOV	B,A		;LOAD REGS WITH FIX(AC)
1C3D  4F                	MOV	C,A
1C3E  57                	MOV	D,A
1C3F  5F                	MOV	E,A
1C40  B7                	ORA	A
1C41  C8                	RZ
1C42  E5                	PUSH	H
1C43  CD DE1B           	CALL	LDRGAC
1C46  CD FA1B           	CALL	SIGNIFY
1C49  AE                	XRA	M
1C4A  67                	MOV	H,A
1C4B  FC 601C           	CM	DECCDE
1C4E  3E 98             	MVI	A,098H
1C50  90                	SUB	B
1C51  CD 911A           	CALL	SHIFTR0
1C54  7C                	MOV	A,H
1C55  17                	RAL
1C56  DC 621A           	CC	INCCDE
1C59  06 00             	MVI	B,000H
1C5B  DC 7D1A           	CC	CMREGS
1C5E  E1                	POP	H
1C5F  C9                	RET

1C60                    DECCDE:
1C60  1B                	DCX	D		;DECREMENT CDE
1C61  7A                	MOV	A,D
1C62  A3                	ANA	E
1C63  3C                	INR	A
1C64  C0                	RNZ
1C65  0D                	DCR	C
1C66  C9                	RET

1C67                    FLMULB10:
1C67  CD DE1B           	CALL	LDRGAC		;MULTIPLY CONTENTS OF AC BY 10
1C6A  78                	MOV	A,B
1C6B  B7                	ORA	A
1C6C  C8                	RZ
1C6D  C6 02             	ADI	002H
1C6F  DA 6C1A           	JC	ERRAOV
1C72  47                	MOV	B,A
1C73  CD CA19           	CALL	FLADD		;AC=AC+4*AC
1C76  21 AC03           	LXI	H,FLACCEXP
1C79  34                	INR	M		;AC=2*AC
1C7A  C0                	RNZ
1C7B  C3 6C1A           	JMP	ERRAOV

1C7E                    SIGNACC:
1C7E  3A AC03           	LDA	FLACCEXP	;FIND SIGN OF ACCUMULATOR
1C81  B7                	ORA	A
1C82  C8                	RZ
1C83  3A AB03           	LDA	FLACCMSB

                        ;
                        ;  Page 116
                        ;

1C86  C3 8A1C           	JMP	SIGNXTND
1C89                    FLCMPXT:
1C89  2F                	CMA
1C8A                    SIGNXTND:
1C8A  17                	RAL
1C8B                    CMPXT:
1C8B  9F                	SBB	A
1C8C  C0                	RNZ
1C8D  3C                	INR	A
1C8E  C9                	RET

1C8F                    CMANSWR:
1C8F  21 AE1C           	LXI	H,CMACCS	;F(X)=-F(0)
1C92  E3                	XTHL
1C93  E9                	PCHL

1C94                    SGNFCT:
1C94  CD 7E1C           	CALL	SIGNACC
1C97                    FLOATBYT:
1C97  06 88             	MVI	B,088H
1C99  11 0000           	LXI	D,0
1C9C                    FLOATINT:
1C9C  21 AC03           	LXI	H,FLACCEXP	;CONVERT INTEGER IN ADE TO FLOAT,
1C9F  4F                	MOV	C,A
1CA0  70                	MOV	M,B		;EXPONENT ASSUMED IN B
1CA1  06 00             	MVI	B,000H
1CA3  23                	INX	H
1CA4  36 80             	MVI	M,080H
1CA6  17                	RAL
1CA7  C3 181A           	JMP	NORMALZI

                        ;
                        ;  COMPUTE ABSOLUTE VALUE OF ACCUMULATOR
                        ;
1CAA                    ABSFCT:
1CAA  CD 7E1C           	CALL	SIGNACC		;ABS FUNCTION
1CAD  F0                	RP
1CAE                    CMACCS:
1CAE  21 AB03           	LXI	H,FLACCMSB	;CHANGE SIGN OF ACCUMULATOR
1CB1  7E                	MOV	A,M
1CB2  EE 80             	XRI	080H
1CB4  77                	MOV	M,A
1CB5  C9                	RET

1CB6                    INTFCT:
1CB6  21 AC03           	LXI	H,FLACCEXP	;INT FUNCTION
1CB9  7E                	MOV	A,M
1CBA  FE 98             	CPI	098H
1CBC  3A A903           	LDA	ACCUMLTR
1CBF  D0                	RNC
1CC0  7E                	MOV	A,M
1CC1  CD 3C1C           	CALL	FIXAC
1CC4  36 98             	MVI	M,098H
1CC6  7B                	MOV	A,E
1CC7  F5                	PUSH	PSW
1CC8  79                	MOV	A,C

                        ;
                        ;  Page 117
                        ;

1CC9  17                	RAL
1CCA  CD 181A           	CALL	NORMALZI
1CCD  F1                	POP	PSW
1CCE  C9                	RET

                        ;
                        ;  Page 118
                        ;

                        ;
                        ;  FLOATING POINT DECODE ROUTINE
                        ;


1CCF                    DECODE:
1CCF  FE 2D             	CPI	'-'		;DECODE EXTERNAL FORM OF NUMBER
1CD1  F5                	PUSH	PSW
1CD2  CA DB1C           	JZ	DECODEIN
1CD5  FE 2B             	CPI	'+'
1CD7  CA DB1C           	JZ	DECODEIN
1CDA  2B                	DCX	H
1CDB                    DECODEIN:
1CDB  CD 301A           	CALL	ZEROAC
1CDE  47                	MOV	B,A
1CDF  57                	MOV	D,A
1CE0  5F                	MOV	E,A
1CE1  2F                	CMA
1CE2  4F                	MOV	C,A
1CE3                    DECODELP:
1CE3  CD C103           	CALL	SCANNXT		;bscan ,
1CE6  DA 4F1D           	JC	DECDIGIT
1CE9  FE 2E             	CPI	'.'
1CEB  CA 2A1D           	JZ	DECODEPT
1CEE  FE 45             	CPI	'E'		;UPPER CASE E
1CF0  CA F81C           	JZ	DECODEXP
1CF3  FE 65             	CPI	'e'		;LOWER CASE E
1CF5  C2 2E1D           	JNZ	DECODVAL
1CF8                    DECODEXP:
1CF8  CD C103           	CALL	SCANNXT		;bscan ,
1CFB  E5                	PUSH	H
1CFC  21 101D           	LXI	H,DECODEXL
1CFF  E3                	XTHL
1D00  15                	DCR	D
1D01  FE AB             	CPI	KEYSUB
1D03  C8                	RZ
1D04  FE 2D             	CPI	'-'
1D06  C8                	RZ
1D07  14                	INR	D
1D08  FE 2B             	CPI	'+'
1D0A  C8                	RZ
1D0B  FE AA             	CPI	KEYADD
1D0D  C8                	RZ
1D0E  F1                	POP	PSW
1D0F  2B                	DCX	H
1D10                    DECODEXL:
1D10  CD C103           	CALL	SCANNXT		;bscan ,  ;SCAN EXPONENT
1D13  D2 221D           	JNC	DECODEXQ
1D16  7B                	MOV	A,E		;DECODE EXPONENT DIGIT
1D17  07                	RLC			;E=10*E+VAL(M)
1D18  07                	RLC
1D19  83                	ADD	E
1D1A  07                	RLC
1D1B  86                	ADD	M
1D1C  D6 30             	SUI	'0'
1D1E  5F                	MOV	E,A

                        ;
                        ;  Page 119
                        ;

1D1F  C3 101D           	JMP	DECODEXL
1D22                    DECODEXQ:
1D22  14                	INR	D
1D23  C2 2E1D           	JNZ	DECODVAL
1D26  AF                	XRA	A
1D27  93                	SUB	E
1D28  5F                	MOV	E,A
1D29  0C                	INR	C
1D2A                    DECODEPT:
1D2A  0C                	INR	C		;DECODE DECIMAL POINT
1D2B  CA E31C           	JZ	DECODELP
1D2E                    DECODVAL:
1D2E  E5                	PUSH	H
1D2F  7B                	MOV	A,E
1D30  90                	SUB	B
1D31                    DECDEXPA:
1D31  F4 471D           	CP	DECMULUP	;COMBINE MANTISSA, EXPONENT
1D34  F2 3D1D           	JP	DECDEXAL
1D37  F5                	PUSH	PSW
1D38  CD 351B           	CALL	FLDIVB10
1D3B  F1                	POP	PSW
1D3C  3C                	INR	A
1D3D                    DECDEXAL:
1D3D  C2 311D           	JNZ	DECDEXPA
1D40  D1                	POP	D
1D41  F1                	POP	PSW
1D42  CC AE1C           	CZ	CMACCS
1D45  EB                	XCHG
1D46  C9                	RET

                        ;
                        ;  Page 120
                        ;

1D47                    DECMULUP:
1D47  C8                	RZ
1D48                    FLMLB10C:
1D48  F5                	PUSH	PSW
1D49  CD 671C           	CALL	FLMULB10
1D4C  F1                	POP	PSW
1D4D  3D                	DCR	A
1D4E  C9                	RET

1D4F                    DECDIGIT:
1D4F  D5                	PUSH	D		;DECODE DIGIT OF NUMBER
1D50  57                	MOV	D,A
1D51  78                	MOV	A,B
1D52  89                	ADC	C
1D53  47                	MOV	B,A
1D54  C5                	PUSH	B
1D55  E5                	PUSH	H
1D56  D5                	PUSH	D
1D57  CD 671C           	CALL	FLMULB10
1D5A  F1                	POP	PSW
1D5B  D6 30             	SUI	'0'
1D5D  CD 661D           	CALL	DECDGADD
1D60  E1                	POP	H
1D61  C1                	POP	B
1D62  D1                	POP	D
1D63  C3 E31C           	JMP	DECODELP

1D66                    DECDGADD:
1D66  CD C31B           	CALL	PUSHAC
1D69  CD 971C           	CALL	FLOATBYT
1D6C                    ADDOPR:
1D6C  C1                	POP	B
1D6D  D1                	POP	D
1D6E  C3 CA19           	JMP	FLADD

                        ;
                        ;  Page 121
                        ;

                        ;
                        ;  FLOATING POINT ENCODE ROUTINE
                        ;
1D71                    ERRMSGIN:
1D71  E5                	PUSH	H		;PRINT CUR LINE NUMBER IN ERROR
1D72  21 EB05           	LXI	H,MSGIN
1D75  CD C20D           	CALL	PRNTMSG
1D78  E1                	POP	H
1D79                    PRINTINT:
1D79  E5                	PUSH	H		;PRINT AN INTEGER
1D7A  21 C10D           	LXI	H,PRNTNUMS
1D7D  E3                	XTHL
1D7E                    ENCODEHL:
1D7E  EB                	XCHG			;ENCODE AN INTEGER
1D7F  AF                	XRA	A
1D80  06 98             	MVI	B,098H
1D82  CD 9C1C           	CALL	FLOATINT
1D85                    ENCODE:
1D85  11 F3FF           	LXI	D,-13		;ENCODE AC IN EXTERNAL FORM
1D88  2A 9703           	LHLD	PROGBASE
1D8B  19                	DAD	D		;CREATE POINTER TO ENCODE BUFFER
1D8C  E5                	PUSH	H
1D8D  CD 7E1C           	CALL	SIGNACC
1D90  36 20             	MVI	M,' '
1D92  F2 971D           	JP	ENCODFRS
1D95  36 2D             	MVI	M,'-'
1D97                    ENCODFRS:
1D97  23                	INX	H
1D98  36 30             	MVI	M,'0'
1D9A  CA 411E           	JZ	ENCODZXT
1D9D  E5                	PUSH	H
1D9E  FC AE1C           	CM	CMACCS
1DA1  AF                	XRA	A
1DA2  F5                	PUSH	PSW
1DA3  CD 471E           	CALL	ENCODCMP
1DA6                    ENCODUPL:
1DA6  01 4391           	LXI	B,09143H	;FORCE NUMBER TO RANGE
1DA9  11 F84F           	LXI	D,04FF8H	;10**5 <= AC BY MULTIPLICATION
1DAC  CD 0F1C           	CALL	FLCMP
1DAF  3D                	DCR	A
1DB0  F2 C41D           	JP	ENCODRND
1DB3  F1                	POP	PSW
1DB4  CD 481D           	CALL	FLMLB10C
1DB7  F5                	PUSH	PSW
1DB8  C3 A61D           	JMP	ENCODUPL

1DBB                    ENCODDNL:
1DBB  CD 351B           	CALL	FLDIVB10	;FORCE NUMBER TO RANGE
1DBE  F1                	POP	PSW		;AC < 10**6 BY DIVISION
1DBF  3C                	INR	A
1DC0  F5                	PUSH	PSW
1DC1  CD 471E           	CALL	ENCODCMP
1DC4                    ENCODRND:
1DC4  CD B619           	CALL	FLADDHLF	;ROUND UP RESULT
1DC7  3C                	INR A

                        ;
                        ;  Page 122
                        ;

1DC8  CD 3C1C           	CALL	FIXAC
1DCB  CD D31B           	CALL	LDACRG
1DCE  01 0602           	LXI	B,00206H	;D.DDDDD
1DD1  F1                	POP	PSW
1DD2  81                	ADD	C
1DD3  FA DF1D           	JM	ENCDEXPS
1DD6  FE 07             	CPI	007H
1DD8  D2 DF1D           	JNC	ENCDEXPS
1DDB  3C                	INR	A
1DDC  47                	MOV	B,A
1DDD  3E 01             	MVI	A,001H
1DDF                    ENCDEXPS:
1DDF  3D                	DCR	A
1DE0  E1                	POP	H
1DE1  F5                	PUSH	PSW
1DE2  11 5A1E           	LXI	D,ENCDCOEF
1DE5                    ENCODDGL:
1DE5  05                	DCR	B
1DE6  36 2E             	MVI	M,'.'
1DE8  CC E81B           	CZ	INCHLRET
1DEB  C5                	PUSH	B
1DEC  E5                	PUSH	H
1DED  D5                	PUSH	D
1DEE  CD DE1B           	CALL	LDRGAC
1DF1  E1                	POP	H
1DF2  06 2F             	MVI	B,'0'-1		;GENERATE NEXT DIGIT
1DF4                    ENCODSBL:
1DF4  04                	INR	B
1DF5  7B                	MOV	A,E
1DF6  96                	SUB	M
1DF7  5F                	MOV	E,A
1DF8  23                	INX	H
1DF9  7A                	MOV	A,D
1DFA  9E                	SBB	M
1DFB  57                	MOV	D,A
1DFC  23                	INX	H
1DFD  79                	MOV	A,C
1DFE  9E                	SBB	M
1DFF  4F                	MOV	C,A
1E00  2B                	DCX	H
1E01  2B                	DCX	H
1E02  D2 F41D           	JNC	ENCODSBL
1E05  CD 711A           	CALL	ADDM2CDE
1E08  23                	INX	H
1E09  CD D31B           	CALL	LDACRG
1E0C  EB                	XCHG
1E0D  E1                	POP	H
1E0E  70                	MOV	M,B
1E0F  23                	INX	H
1E10  C1                	POP	B
1E11  0D                	DCR	C
1E12  C2 E51D           	JNZ	ENCODDGL
1E15  05                	DCR	B
1E16  CA 251E           	JZ	ENCODEXP
1E19                    ENCDRTZR:
1E19  2B                	DCX	H		;REMOVE TRAILING ZEROES

                        ;
                        ;  Page 123
                        ;

1E1A  7E                	MOV	A,M
1E1B  FE 30             	CPI	'0'
1E1D  CA 191E           	JZ	ENCDRTZR
1E20  FE 2E             	CPI	'.'		;REMOVE TRAILING DECIMAL POINT
1E22  C4 E81B           	CNZ	INCHLRET
1E25                    ENCODEXP:
1E25  F1                	POP	PSW		;ENCODE EXPONENT
1E26  CA 441E           	JZ	ENCODEXT
1E29  36 45             	MVI	M,'E'
1E2B  23                	INX	H
1E2C  36 2B             	MVI	M,'+'
1E2E  F2 351E           	JP	ENCDEXPP
1E31  36 2D             	MVI	M,'-'
1E33  2F                	CMA
1E34  3C                	INR	A
1E35                    ENCDEXPP:
1E35  06 2F             	MVI	B,'0'-1
1E37                    ENCDEXPL:
1E37  04                	INR	B
1E38  D6 0A             	SUI	10
1E3A  D2 371E           	JNC	ENCDEXPL
1E3D  C6 3A             	ADI	'9'+1
1E3F  23                	INX	H
1E40  70                	MOV	M,B
1E41                    ENCODZXT:
1E41  23                	INX	H
1E42  77                	MOV	M,A
1E43  23                	INX	H
1E44                    ENCODEXT:
1E44  71                	MOV	M,C
1E45  E1                	POP	H
1E46  C9                	RET

1E47                    ENCODCMP:
1E47  01 7494           	LXI	B,09474H	;10**6
1E4A  11 F723           	LXI	D,023F7H
1E4D  CD 0F1C           	CALL	FLCMP
1E50  E1                	POP	H
1E51  3D                	DCR	A
1E52  F2 BB1D           	JP	ENCODDNL
1E55  E9                	PCHL

1E56                    FLHALF:
1E56  00000080          	DB	000h, 000h, 000h, 080h	;1/2

1E5A                    ENCDCOEF:
1E5A  A08601            	db	0a0h, 086h, 001h	;10**5
1E5D  102700            	db	010h, 027h, 000h	;10**4
1E60  E80300            	db	0e8h, 003h, 000h	;10**3
1E63  640000            	db	064h, 000h, 000h	;10**2
1E66  0A0000            	db	00ah, 000h, 000h	;10**1
1E69  010000            	db	001h, 000h, 000h	;10**0

                        ;
                        ;  Page 124
                        ;

                        ;
                        ;  FLOATING POINT LOGARITHM ROUTINE
                        ;

1E6C                    LOGCOEF:
1E6C  03                	DB	3
1E6D  AA561980          	db	0aah, 056h, 019h, 080h
1E71  F1227680          	db	0f1h, 022h, 076h, 080h
1E75  45AA3882          	db	045h, 0aah, 038h, 082h
1E79                    FLONE:
1E79  00000081          	db	000h, 000h, 000h, 081h	;1.0
1E7D                    LOGFCT:
1E7D  CD 7E1C           	CALL	SIGNACC		;LOG FUNCTION
1E80  3D                	DCR	A
1E81  FA 390C           	JM	ERRAFC
1E84  21 AC03           	LXI	H,FLACCEXP
1E87  7E                	MOV	A,M
1E88  01 3580           	LXI	B,08035H
1E8B  11 F304           	LXI	D,004F3H
1E8E  90                	SUB	B
1E8F  F5                	PUSH	PSW
1E90  70                	MOV	M,B
1E91  D5                	PUSH	D
1E92  C5                	PUSH	B
1E93  CD CA19           	CALL	FLADD
1E96  C1                	POP	B
1E97  D1                	POP	D
1E98  04                	INR	B
1E99  CD 431B           	CALL	FLDIV
1E9C  21 791E           	LXI	H,FLONE
1E9F  CD BF19           	CALL	FLMMMAC
1EA2  21 6C1E           	LXI	H,LOGCOEF
1EA5  CD 661F           	CALL	FCTPOLY2
1EA8  01 8080           	LXI	B,08080H
1EAB  11 0000           	LXI	D,00000H
1EAE  CD CA19           	CALL	FLADD
1EB1  F1                	POP	PSW
1EB2  CD 661D           	CALL	DECDGADD
1EB5                    FLMULLN2:
1EB5  01 3180           	LXI	B,08031H	;LN(2)=0.6931472
1EB8  11 1872           	LXI	D,07218H
1EBB  C3 B71A           	JMP	FLMUL

                        ;
                        ;  Page 125
                        ;

                        ;
                        ;  FLOATING POINT SQUARE ROOT/EXPONENTIATION ROUTINE
                        ;

1EBE                    SQRFCT:
1EBE  CD C31B           	CALL	PUSHAC		;SQR FUNCTION
1EC1  21 561E           	LXI	H,FLHALF	;SQR(X)=X**1/2
1EC4  CD D01B           	CALL	LDRGACMM
1EC7                    EXPOPR:
1EC7  C1                	POP	B		;X**Y=EXP(LOG(X)*Y)
1EC8  D1                	POP	D
1EC9  CD 7E1C           	CALL	SIGNACC
1ECC  CA 051F           	JZ	EXPFCT
1ECF  78                	MOV	A,B
1ED0  B7                	ORA	A
1ED1  CA 311A           	JZ	LDACCE
1ED4  D5                	PUSH	D
1ED5  C5                	PUSH	B
1ED6  79                	MOV	A,C
1ED7  F6 7F             	ORI	07FH
1ED9  CD DE1B           	CALL	LDRGAC
1EDC  F2 ED1E           	JP	EXPEXPOS
1EDF  D5                	PUSH	D
1EE0  C5                	PUSH	B
1EE1  CD B61C           	CALL	INTFCT
1EE4  C1                	POP	B
1EE5  D1                	POP	D
1EE6  F5                	PUSH	PSW
1EE7  CD 0F1C           	CALL	FLCMP
1EEA  E1                	POP	H
1EEB  7C                	MOV	A,H
1EEC  1F                	RAR
1EED                    EXPEXPOS:
1EED  E1                	POP	H
1EEE  22 AB03           	SHLD	FLACCMSB
1EF1  E1                	POP	H
1EF2  22 A903           	SHLD	ACCUMLTR
1EF5  DC 8F1C           	CC	CMANSWR
1EF8  CC AE1C           	CZ	CMACCS
1EFB  D5                	PUSH	D
1EFC  C5                	PUSH	B
1EFD  CD 7D1E           	CALL	LOGFCT
1F00  C1                	POP	B
1F01  D1                	POP	D
1F02  CD B71A           	CALL	FLMUL

                        ;
                        ;  Page 126
                        ;

                        ;
                        ;  EXPONENTIAL FUNCTION ROUTINE
                        ;


1F05                    EXPFCT:
1F05  CD C31B           	CALL	PUSHAC		;EXP FUNCTION
1F08  01 3881           	LXI	B,08138H	;LOG(2)E=1.442695
1F0B  11 3BAA           	LXI	D,0AA3BH
1F0E  CD B71A           	CALL	FLMUL
1F11  3A AC03           	LDA	FLACCEXP
1F14  FE 88             	CPI	088H
1F16  D2 281B           	JNC	EXPRNEXC
1F19  CD B61C           	CALL	INTFCT
1F1C  C6 80             	ADI	080H
1F1E  C6 02             	ADI	002H
1F20  DA 281B           	JC	EXPRNEXC
1F23  F5                	PUSH	PSW
1F24  21 791E           	LXI	H,FLONE
1F27  CD B919           	CALL	FLADDM
1F2A  CD B51E           	CALL	FLMULLN2
1F2D  F1                	POP	PSW
1F2E  C1                	POP	B
1F2F  D1                	POP	D
1F30  F5                	PUSH	PSW
1F31  CD C719           	CALL	FLSUB
1F34  CD AE1C           	CALL	CMACCS
1F37  21 451F           	LXI	H,EXPCOEF
1F3A  CD 751F           	CALL	FCTPOLY1
1F3D  11 0000           	LXI	D,0
1F40  C1                	POP	B
1F41  4A                	MOV	C,D
1F42  C3 B71A           	JMP	FLMUL

1F45                    EXPCOEF:
1F45  08                	DB	8
1F46  402E9474          	db	040h, 02eh, 094h, 074h
1F4A  704F2E77          	db	070h, 04fh, 02eh, 077h
1F4E  6E02887A          	db	06eh, 002h, 088h, 07ah
1F52  E6A02A7C          	db	0e6h, 0a0h, 02ah, 07ch
1F56  50AAAA7E          	db	050h, 0aah, 0aah, 07eh
1F5A  FFFF7F7F          	db	0ffh, 0ffh, 07fh, 07fh
1F5E  00008081          	db	000h, 000h, 080h, 081h
1F62  00000081          	db	000h, 000h, 000h, 081h

                        ;
                        ;  Page 127
                        ;

                        ;
                        ;  FLOATING POINT POLYNOMINAL EVALUATORS
                        ;


1F66                    FCTPOLY2:
1F66  CD C31B           	CALL	PUSHAC		;POLYNOMIAL EVALUATOR
1F69  11 B51A           	LXI	D,MULOPR	;EVALUATE P(X**2)*X
1F6C  D5                	PUSH	D
1F6D  E5                	PUSH	H
1F6E  CD DE1B           	CALL	LDRGAC
1F71  CD B71A           	CALL	FLMUL
1F74  E1                	POP	H
1F75                    FCTPOLY1:
1F75  CD C31B           	CALL	PUSHAC		;EVALUATE P(X)
1F78  7E                	MOV	A,M
1F79  23                	INX	H
1F7A  CD D01B           	CALL	LDRGACMM
1F7D                    FCTPOLYL:
1F7D  C1                	POP	B
1F7E  D1                	POP	D
1F7F  3D                	DCR	A
1F80  C8                	RZ
1F81  D5                	PUSH	D
1F82  C5                	PUSH	B
1F83  F5                	PUSH	PSW
1F84  E5                	PUSH	H
1F85  CD B71A           	CALL	FLMUL
1F88  E1                	POP	H
1F89  CD E11B           	CALL	LDRGMM
1F8C  E5                	PUSH	H
1F8D  CD CA19           	CALL	FLADD
1F90  E1                	POP	H
1F91  F1                	POP	PSW
1F92  C3 7D1F           	JMP	FCTPOLYL

                        ;
                        ;  Page 128
                        ;

                        ;
                        ;  RANDOM NUMBER GENERATOR
                        ;


1F95                    RNDFCT:
1F95  CD 7E1C           	CALL	SIGNACC		;RND FUNCTION
1F98  FA B41F           	JM	RNDFCTUS	;<0 - INITIALIZE SEED
1F9B  21 B503           	LXI	H,RNDFCTSD
1F9E  CD D01B           	CALL	LDRGACMM
1FA1  C8                	RZ			;=0 - PREVIOUS VALUE
1FA2  01 3598           	LXI	B,09835H
1FA5  11 7A44           	LXI	D,0447AH
1FA8  CD B71A           	CALL	FLMUL		;>0 - NEXT VALUE
1FAB  01 2868           	LXI	B,06828H
1FAE  11 46B1           	LXI	D,0B146H
1FB1  CD CA19           	CALL	FLADD
1FB4                    RNDFCTUS:
1FB4  CD DE1B           	CALL	LDRGAC		;CHANGE SEED
1FB7  7B                	MOV	A,E
1FB8  59                	MOV	E,C
1FB9  4F                	MOV	C,A
1FBA  36 80             	MVI	M,080H
1FBC  2B                	DCX	H
1FBD  46                	MOV	B,M
1FBE  36 80             	MVI	M,080H
1FC0  CD 1B1A           	CALL	NORMALIZ
1FC3  21 B503           	LXI	H,RNDFCTSD
1FC6  C3 EA1B           	JMP	LDMMAC

                        ;
                        ;  Page 129
                        ;

                        ;
                        ;  FLOATING POINT SINE/COSINE ROUTINES
                        ;


1FC9                    COSFCT:
1FC9  21 1320           	LXI	H,PIOVER2	;COS FUNCTION
1FCC  CD B919           	CALL	FLADDM
1FCF                    SINFCT:
1FCF  CD C31B           	CALL	PUSHAC		;SIN FUNCTION
1FD2  01 4983           	LXI	B,08349H	;Y=X*2*PI
1FD5  11 DB0F           	LXI	D,00FDBH
1FD8  CD D31B           	CALL	LDACRG
1FDB  C1                	POP	B
1FDC  D1                	POP	D
1FDD  CD 431B           	CALL	FLDIV
1FE0  CD C31B           	CALL	PUSHAC		;Y=Y MOD 1
1FE3  CD B61C           	CALL	INTFCT
1FE6  C1                	POP	B
1FE7  D1                	POP	D
1FE8  CD C719           	CALL	FLSUB
1FEB  21 1720           	LXI	H,FLQUART
1FEE  CD BF19           	CALL	FLMMMAC
1FF1  CD 7E1C           	CALL	SIGNACC
1FF4  37                	STC
1FF5  F2 FF1F           	JP	SINFCTC
1FF8  CD B619           	CALL	FLADDHLF
1FFB  CD 7E1C           	CALL	SIGNACC
1FFE  B7                	ORA	A
1FFF                    SINFCTC:
1FFF  F5                	PUSH	PSW
2000  F4 AE1C           	CP	CMACCS
2003  21 1720           	LXI	H,FLQUART
2006  CD B919           	CALL	FLADDM
2009  F1                	POP	PSW
200A  D4 AE1C           	CNC	CMACCS
200D  21 1B20           	LXI	H,COSCOEF
2010  C3 661F           	JMP	FCTPOLY2

2013                    PIOVER2:
2013  DB0F4981          	db	0dbh, 00fh, 049h, 081h	;PI/2


2017                    FLQUART:
2017  0000007F          	db	000h, 000h, 000h, 07fh	;1/4

201B                    COSCOEF:
201B  05                	DB	5
201C  BAD71E86          	db	0bah, 0d7h, 01eh, 086h
2020  64269987          	db	064h, 026h, 099h, 087h
2024  58342387          	db	058h, 034h, 023h, 087h
2028  E05DA586          	db	0e0h, 05dh, 0a5h, 086h

                        ;
                        ;  Page 130
                        ;

202C  DA0F4983          	db	0dah, 00fh, 049h, 083h

                        ;
                        ;  Page 131
                        ;

                        ;
                        ;  FLOATING POINT TANGENT/ARCTANGENT ROUTINES
                        ;


2030                    TANFCT:
2030  CD C31B           	CALL	PUSHAC		;TAN FUNCTION
2033  CD CF1F           	CALL	SINFCT
2036  C1                	POP	B		;TAN(X) = SIN(X)/COS(X)
2037  E1                	POP	H
2038  CD C31B           	CALL	PUSHAC
203B  EB                	XCHG
203C  CD D31B           	CALL	LDACRG
203F  CD C91F           	CALL	COSFCT
2042  C3 411B           	JMP	DIVOPR

2045                    ATNFCT:
2045  CD 7E1C           	CALL	SIGNACC
2048  FC 8F1C           	CM	CMANSWR
204B  FC AE1C           	CM	CMACCS
204E  3A AC03           	LDA	FLACCEXP
2051  FE 81             	CPI	081H
2053  DA 6220           	JC	ATNFCTC
2056  01 0081           	LXI	B,08100H
2059  51                	MOV	D,C
205A  59                	MOV	E,C
205B  CD 431B           	CALL	FLDIV
205E  21 BF19           	LXI	H,FLMMMAC
2061  E5                	PUSH	H
2062                    ATNFCTC:
2062  21 6C20           	LXI	H,ATNCOEF
2065  CD 661F           	CALL	FCTPOLY2
2068  21 1320           	LXI	H,PIOVER2
206B  C9                	RET

206C                    ATNCOEF:
206C  09                	DB	9
206D  4AD73B78          	db	04ah, 0d7h, 03bh, 078h
2071  026E847B          	db	002h, 06eh, 084h, 07bh
2075  FEC12F7C          	db	0feh, 0c1h, 02fh, 07ch
2079  74319A7D          	db	074h, 031h, 09ah, 07dh
207D  843D5A7D          	db	084h, 03dh, 05ah, 07dh
2081  C87F917E          	db	0c8h, 07fh, 091h, 07eh
2085  E4BB4C7E          	db	0e4h, 0bbh, 04ch, 07eh
2089  6CAAAA7F          	db	06ch, 0aah, 0aah, 07fh
208D  00000081          	db	000h, 000h, 000h, 081h

                        ;
                        ;  Page 132
                        ;

2091                    VERSNDAT:
2091  30322F30 332F3738 	DB	'02/03/78',0
2099  00


209A                    ENDINTRP:
209A  00                	DB	0		;END OF INTERPRETER

                        ;
                        ;  Page 133
                        ;

                        ;
                        ;  INITIALIZATION
                        ;

209B                    INITIALZ:

209B  21 FFFF           	LXI	H,0FFFFH
209E  22 8903           	SHLD	CURLINE
20A1  21 0622           	LXI	H,INITSTCK
20A4  F9                	SPHL
20A5  22 9F03           	SHLD	STCKBASE
20A8  AF                	XRA	A
20A9  32 7B03           	STA	PRINTFLG
20AC  CD 1A00           	call	dclr
20AF  CD 5F0D           	CALL	PRNTCRLF
20B2  21 00AF           	LXI	H,LIMUPPER	;ADDRESS LAST BYTE
20B5  22 A703           	SHLD	STRGTLIM
20B8  11 E2FF           	LXI	D,-10*3
20BB  19                	DAD	D
20BC  22 A303           	SHLD	STRGBASE
20BF  22 A103           	SHLD	STRGFREE
20C2  11 00FF           	LXI	D,-256
20C5  19                	DAD	D
20C6  D2 0705           	JNC	ERRAOM
20C9  E5                	PUSH	H
20CA  21 0080           	LXI	H,LIMLOWER	;ADDRESS OF FIRST BYTE
20CD  11 0C00           	LXI	D,12
20D0  19                	DAD	D
20D1  36 00             	MVI	M,000H
20D3  23                	INX	H
20D4  22 9703           	SHLD	PROGBASE
20D7  E3                	XTHL
20D8  D1                	POP	D
20D9  F9                	SPHL
20DA  22 9F03           	SHLD	STCKBASE
20DD  21 F3FF           	LXI	H,-13
20E0  39                	DAD	SP
20E1  F9                	SPHL
20E2  EB                	XCHG
20E3  CD FB04           	CALL	SPACECHK
20E6  7B                	MOV	A,E
20E7  95                	SUB	L
20E8  6F                	MOV	L,A
20E9  7A                	MOV	A,D
20EA  9C                	SBB	H
20EB  67                	MOV	H,A
20EC  01 F0FF           	LXI	B,-16
20EF  09                	DAD	B
20F0  CD 5F0D           	CALL	PRNTCRLF
20F3  CD 791D           	CALL	PRINTINT
20F6  21 0C21           	LXI	H,INITMFRE
20F9  CD C20D           	CALL	PRNTMSG
20FC  21 9120           	LXI	H,VERSNDAT
20FF  CD C20D           	CALL	PRNTMSG
2102  CD 0D05           	CALL	CLEARPGM
2105  21 6106           	LXI	H,CMNDRSTR

                        ;
                        ;  Page 134
                        ;

2108  22 0100           	SHLD	SYSINITJ+1
210B  E9                	PCHL


210C                    INITMFRE:
210C  20425954 45532046 	DB	' BYTES FREE'
2114  524545
2117  0D0A0A            	DB	CR,LF,LF
211A  42415349 432C2056 	db	'BASIC, Version of ', 0
2122  65727369 6F6E206F
212A  662000
212D                    INITSTSP:
212D   (00D9)           	DS	30*2+LINESYZE	;INITIALIZE STACK SPACE
2206                    INITSTCK:
2206   (0014)           	DS	20



221A                    	END

00001 Total Error(s)

ABSFCT             1CAA    ACCUMLTR           03A9    ADDM2CDE           1A71
ADDOPR             1D6C    ALPHACHA           03D2    ALPHACHK           03D1
ALPHACHL           03E1    ANDOPR             1944    ASCFCT             1636
ASSIGN             0BD1    ASSIGNVL           0BC7    ATNCOEF            206C
ATNFCT             2045    ATNFCTC            2062    AUTSTM             067A
AUTSTMBR           06A0    AUTSTMIN           066D    AUTSTMN            068B
AUTSTMS            067B    BASIC              0000    BEL                0007 E
BOOTSTART          B39B E  BREAKCHK           0ADD    BS                 0008 E
CANNOTOPEN         18C8    CBYTE              0C45    CD1                0011 E
CHARMTCH           03E4    CHECKPROGRAM       18EE    CHRFCT             1643
CINB               0011    CINTEGER           0C26    CINTPOS            0C20
CLDSTM             1876    CLEARPCN           0551    CLEARPGM           050D
CLEARSCREEN        0037    CLEARSET           0518    CLEARSTK           0521
CLEARVAR           0541    CLEARVST           051B    CLOSES             B82D E
CLRSTM             057D    CMACCS             1CAE    CMANSWR            1C8F
CMHLLTDE           04D7    CMNDINPT           0642    CMNDRSTR           0661
CMNDSTRT           062F    CMPXT              1C8B    CMREGS             1A7D
CO                 0006    COERCE             0BFB    COERCEF            0BFE
CONSTM             0B07    COPYCHK            04DD    COPYSTRG           122C
COPYSTRL           122D    COPYTEXT           04E0    COPYTXTL           04E3
COPYVAL            1BED    COPYVALL           1BF1    COSCOEF            201B
COSFCT             1FC9    CPROGLOOP          18F1    CPROGLOOP2         18FA
CPROGOK            1903    CR                 000D E  CSINGLE            0C0A
CSTRING            0C11    CSVSTM             1890    CURDATAP           0393
CURLDATA           0391    CURLINE            0389    CURLINES           038B
CURSLIM            03B0    CURSPOS            03AF    D14BASE            B400 E
DATAGET            0EF0    DATAINPT           0F1C    DATASRCH           0EFA
DATASRCK           0F13    DATRSKIP           0B8B    DATRSKST           0B88
DATSTM             0B7F    DCLR               001A    DECCDE             1C60
DECDEXAL           1D3D    DECDEXPA           1D31    DECDGADD           1D66
DECDIGIT           1D4F    DECMULUP           1D47    DECODE             1CCF
DECODEIN           1CDB    DECODELP           1CE3    DECODEPT           1D2A
DECODEXL           1D10    DECODEXP           1CF8    DECODEXQ           1D22
DECODVAL           1D2E    DEFSTM             141A    DEFSTML            1430
DEL                007F E  DELSTM             0813    DIMSTM             123F
DIMSTML            1236    DIRECTORYLOOKUP    B8E0 E  DIVOPR             1B41
EDISTM             0904    EDISTMAD           094C    EDISTMCH           09E7
EDISTMCR           09D2    EDISTMDL           0957    EDISTMDM           0964
EDISTMEC           0946    EDISTMER           0944    EDISTMIM           0981
EDISTMIN           0970    EDISTMLS           091F    EDISTMNX           092A
EDISTMQT           09CB    EDISTMRI           0974    EDISTMRP           098E
EDISTMSL           09AA    EDISTMSR           09A1    EDISTMXT           09BF
ELSSTM             0B84    ENCDCOEF           1E5A    ENCDEXPL           1E37
ENCDEXPP           1E35    ENCDEXPS           1DDF    ENCDRTZR           1E19
ENCODCMP           1E47    ENCODDGL           1DE5    ENCODDNL           1DBB
ENCODE             1D85    ENCODEHL           1D7E    ENCODEXP           1E25
ENCODEXT           1E44    ENCODFRS           1D97    ENCODRND           1DC4
ENCODSBL           1DF4    ENCODUPL           1DA6    ENCODZXT           1E41
ENDINTRP           209A    ENDPROGM           0AE6    ENDSTM             0B27
ENDSTMC            0AF9    ERRABS             1361    ERRAD0             1BBE
ERRAFC             0C39    ERRAID             1516    ERRANF             0F94
ERRAOM             0507    ERRAOV             1A6C    ERRASN             0605
ERRAST             11BA    ERRATM             0C18    ERRAUS             0B60
ERRDATA            05FF    ERRMSG             0607    ERRMSGIN           1D71
ERRMSGPR           0623    ERRN               0289    ERRNBS             0328
ERRNCN             0289    ERRND0             02AA    ERRNDD             0299
ERRNFC             02B6    ERRNFI             036A    ERRNID             02A3
ERRNLS             02C4    ERRNNF             02DD    ERRNOD             02EA
ERRNOM             02D0    ERRNOS             030E    ERRNOV             02F6
ERRNRG             02FF    ERRNSL             0292    ERRNSN             0332
ERRNST             031B    ERRNTM             0339    ERRNUF             033E
ERRNUS             034E    ERRNUV             035A    ESC                0018 E
ETX                0003 E  EXECUTE            0ABA    EXECUTE2           0C53
EXECUTEB           0AE2    EXECUTEC           0AC1    EXECUTEL           0A9A
EXECUTES           0AC2    EXPCOEF            1F45    EXPEXPOS           1EED
EXPFCT             1F05    EXPOPR             1EC7    EXPRNEXC           1B28
FCTPOLY1           1F75    FCTPOLY2           1F66    FCTPOLYL           1F7D
FCTTABL            00C2    FF                 000C E  FILENAME           1904
FIXAC              1C3C    FLACCEXP           03AC    FLACCMSB           03AB
FLACCSSV           03AD    FLADD              19CA    FLADDHLF           19B6
FLADDIFF           1A0A    FLADDM             19B9    FLADDMGC           19E4
FLCMP              1C0F    FLCMPM             1C29    FLCMPXT            1C89
FLDIV              1B43    FLDIVB10           1B35    FLDIVLP            1B6B
FLDIVSF            1B8E    FLDIVSS            1B90    FLHALF             1E56
FLMLB10C           1D48    FLMLDVEX           1B0A    FLMLDVEY           1B2D
FLMLDVEZ           1B2E    FLMMMAC            19BF    FLMUL              1AB7
FLMULB10           1C67    FLMULLN2           1EB5    FLMULLP            1AD9
FLMULLQ            1AE2    FLMULNA            1AF3    FLMULXT            1B05
FLOATA             0DE4    FLOATAB            17E4    FLOATBYT           1C97
FLOATHL            16B7    FLOATINT           1C9C    FLONE              1E79
FLQUART            2017    FLROUND            1A50    FLROUNDV           1A51
FLSCR0             03B1    FLSCR1             03B2    FLSCR2             03B3
FLSCR3             03B4    FLSUB              19C7    FORBLCK            0010 E
FORCHK             0A0F    FORCHKL            0A13    FORCHKXT           0A2E
FORMARK            0A96    FORSTM             0A37    FORSTMNF           0A54
FORSTMST           0A8D    FREELIMT           039D    FREFCT             17C4
FREFCTNS           17DF    FSPROM             B000 E  GOMONITOR          003D
GSBSTM             0B31    GTOSTM             0B42    HEXFCT             16C5
HEXFCTL            16DA    HT                 0009 E  HXVFCT             1691
HXVFCTCH           16BC    HXVFCTL            169E    IFNSTMC            0CFC
IFNSTMCH           0D12    IFNSTMSK           0D04    IFSTM              0CEF
INCCDE             1A62    INCHLRET           1BE8    INITIALZ           209B
INITMFRE           210C    INITSTCK           2206    INITSTSP           212D
INOTGEN            186A    INOTINS            03B1 E  INPSTM             0E32
INPSTMBR           0AE5    INPSTMER           0EC9    INPSTMIN           0E6D
INPSTMLN           0F3B    INPSTMPR           0E5B    INPSTMRD           0E36
INPSTMXT           0ECD    INPTBUFR           0395    INPTCHAR           05D1
INPTCRLF           077E    INPTCRTN           07CC    INPTEXIT           07D0
INPTLINC           0795    INPTLINL           0790    INPTLNBS           0767
INPTLNEC           07C6    INPTLNRD           0774    INPTLNST           07B3
INPTRQST           0781    INSFCT             177D    INSFCTSL           17AB
INSFCTXT           17B5    INTFCT             1CB6    ITEMSIZE           000E E
KEYABS             00B9 E  KEYADD             00AA E  KEYAND             00B0 E
KEYASC             00CA E  KEYATA             00C1 E  KEYAUT             0092 E
KEYCHR             00CB E  KEYCLD             009C E  KEYCLR             009B E
KEYCON             0098 E  KEYCOS             00BE E  KEYCSV             009D E
KEYDAT             0080 E  KEYDEF             0097 E  KEYDEL             0093 E
KEYDIM             0086 E  KEYDIV             00AD E  KEYEDI             009A E
KEYELS             008C E  KEYEND             0082 E  KEYEQ              00B5 E
KEYEXP             00BD E  KEYEXPT            00AF E  KEYFCT             00B7 E
KEYFN              00A7 E  KEYFOR             0083 E  KEYFRE             00C3 E
KEYGSB             008E E  KEYGT              00B4 E  KEYGTO             0089 E
KEYHEX             00CC E  KEYHXV             00CD E  KEYIF              008B E
KEYINPT            0085 E  KEYINS             00D2 E  KEYINT             00B8 E
KEYLEN             00C7 E  KEYLET             0088 E  KEYLFT             00CF E
KEYLINE            00A4 E  KEYLIS             0099 E  KEYLOG             00BC E
KEYLSAH            00A5 E  KEYLSAL            0082 E  KEYLSBH            00A3 E
KEYLSBL            00A0 E  KEYLT              00B6 E  KEYMAX             00B2 E
KEYMEM             00C6 E  KEYMID             00D1 E  KEYMIN             00B3 E
KEYMOD             00AE E  KEYMUL             00AC E  KEYNEW             009E E
KEYNEX             0084 E  KEYNOT             00A8 E  KEYOFF             00A9 E
KEYON              0091 E  KEYOPR             00AA E  KEYOR              00B1 E
KEYPLT             0094 E  KEYPORT            00C4 E  KEYPOS             00C5 E
KEYPRM             00A3 E  KEYPRT             0096 E  KEYREA             0087 E
KEYREL             00B4 E  KEYREM             0081 E  KEYRES             008D E
KEYRET             008F E  KEYRIG             00D0 E  KEYRND             00BB E
KEYRUN             008A E  KEYS               00D3 E  KEYSCAN            06A7
KEYSCANA           0702    KEYSCANB           0709    KEYSCANC           06EC
KEYSCAND           0723    KEYSCANF           0714    KEYSCANH           0740
KEYSCANI           0736    KEYSCANK           06CA    KEYSCANL           06B0
KEYSCANM           06E3    KEYSCANN           06E9    KEYSCANP           073D
KEYSCANV           074C    KEYSCANW           0703    KEYSCANX           0744
KEYSCANZ           06DE    KEYSET             009F E  KEYSGN             00B7 E
KEYSIN             00BF E  KEYSPC             00A6 E  KEYSQR             00BA E
KEYSTEP            00A2 E  KEYSTM             0080 E  KEYSTOP            0090 E
KEYSTR             00C8 E  KEYSUB             00AB E  KEYSUGR            00A0 E
KEYTAB             00A5 E  KEYTAN             00C0 E  KEYTHEN            00A0 E
KEYTO              00A1 E  KEYUPR             00CE E  KEYUSR             00C2 E
KEYVAL             00C9 E  KEYWADDS           00FA    KEYWAI             0095 E
KEYWORDS           011A    KEYWRD0            011A    KEYWRD1            0135
KEYWRD2            014A    KEYWRD3            0171    KEYWRD4            01AD
KEYWRD5            01D1    KEYWRD6            01EE    KEYWRD7            01FD
KEYWRD8            020D    KEYWRD9            0217    KEYWRDA            022A
KEYWRDB            022C    KEYWRDC            022E    KEYWRDD            0251
KEYWRDE            026A    KEYWRDF            027B    LDACCE             1A31
LDACRG             1BD3    LDDCBMM            1BE3    LDICBMM            1BE4
LDMMAC             1BEA    LDRGAC             1BDE    LDRGACMM           1BD0
LDRGMM             1BE1    LEFRIGAR           171F    LEFRIGMB           172B
LEFRIGMC           1729    LEFRIGMD           1715    LEFRIGMR           1713
LENFCT             1623    LENFCTC            1627    LETSTM             0BC0
LETSTMNM           0BE6    LF                 000A E  LFTFCT             170F
LIMLOWER           8000 E  LIMUPPER           AF00 E  LINEDEL            04A9
LINEDELL           04B4    LINEDELU           04BF    LINEINS            046F
LINEINSL           049E    LINELINK           0463    LINESRCH           0446
LINESRCL           0449    LINESYZE           009D E  LISEDIKD           08A6
LISEDIKL           08CB    LISEDIKS           08D0    LISEDIKT           08B6
LISEDIKY           08D8    LISEDINC           08A8    LISEDISB           08ED
LISEDISC           08A3    LISEDIST           08F3    LISEDIXP           0888
LISEDIXT           08FA    LISSTM             0830    LISSTMLP           0849
LISSTMSC           083C    LISSTMXT           0883    LOGCOEF            1E6C
LOGFCT             1E7D    LOGOPRIC           1945    LOGOPRXT           1969
MATDMFLG           0380    MATSCANB           12FF    MATSCANC           1366
MATSCANI           13CA    MATSCANL           130C    MATSCANM           134B
MATSCANN           1337    MATSCANO           1338    MATSCANP           1301
MATSCANR           13D1    MATSCANS           13D2    MATSCANX           13F7
MATSCANZ           13AA    MATSCCNT           037F    MATSCNSB           1380
MATSCNSD           138D    MATTABLE           039B    MAXOPR             199E
MEMFCT             17F1    MEMFCTC            17FE    MEMSTM             180D
MIDFCT             1754    MIDSTM             0C5D    MIDSTMLM           0CB2
MIDSTMLN           0CA6    MIDSTMXT           0CBF    MINOPR             19AA
MODOPR             1984    MONITOR            B400 E  MSGBREAK           05F7
MSGERROR           05E4    MSGEXTRA           0E21    MSGIN              05EB
MSGOK              05F0    MSGQUES            0E0B    MSGREDO            0E0E
MSGSTARS           07DB    MUL16              13FF    MUL16LP            1407
MUL16XT            1415    MULOPR             1AB5    NAMENOTFOUND       188B
NEWLOAD            0515    NEWSTM             050C    NEXSTM             0F56
NEXSTMC            0F99    NEXSTML            0F59    NOBREAK            005C
NORMAL1            1A3D    NORMAL1L           1A35    NORMAL8            1A1E
NORMALIZ           1A1B    NORMALZI           1A18    NULLCNT            03AE
ONNSTMC            0CE0    ONNSTMSL           0CE1    ONSTM              0CD1
OPCINP             00DB E  OPCOUT             00D3 E  OPCRET             00C9 E
OPENS              B796 E  OPRTABL            00A4    ORNOPR             1940
ORNOPRFN           1965    P3010              0379    PIOVER2            2013
PLTSTM             0DE9    POPAFRET           1555    POPDEBCR           0BBD
POPDERET           168F    POPHL3RT           0884    POPHLRET           0886
PORFCT             1821    PORSTM             182F    POSFCT             0DE1
PREDNOT            005A E  PREDNUM            0070 E  PREDREL            0064 E
PREDUMIN           007D E  PRINTFLG           037B    PRINTINT           1D79
PRNTBLNK           0DAB    PRNTBLNL           0DB2    PRNTCHRA           05AE
PRNTCHRI           05AA    PRNTCHRW           05CC    PRNTCOMA           0D78
PRNTCOMC           0DAA    PRNTCOML           0D83    PRNTCRLF           0D5F
PRNTMSG            0DC2    PRNTNULL           0D6A    PRNTNULS           0D67
PRNTNUMS           0DC1    PRNTOPTN           0D8C    PRNTSEMI           0DB9
PRNTSTRL           0DD2    PRNTSTRT           0DCB    PROGBASE           0397
PROGCNTR           038D    PROGCNTS           038F    PRTSTM             0D5C
PRTSTMN            0D1C    PRTSTRNG           0D55    PUSHAC             1BC3
PUSHAC1            1BC4    PUTS               B7DC E  REAINPCM           0EB2
REAINPDC           0F24    REAINPER           0EE1    REAINPFL           037A
REAINPFS           0E7D    REAINPLA           0EA1    REAINPLP           0E83
REAINPLQ           0E8E    REASTM             0E74    REENTERBASIC       0003
RELOPR             103B    RELOPRC            103D    RELOPRSL           106B
RELOPRXT           1031    REMSTM             0B84    RESDTPTR           0578
RESSTM             0561    RESSTMBU           0577    RESSTMDF           0573
RETSTM             0B65    RIGFCT             174A    RNDFCT             1F95
RNDFCTSD           03B5    RNDFCTUS           1FB4    RUNSTM             0B1B
RUNSTMC            0B41    SAVELOOP           18B3    SCAN2KEY           0B86
SCANFNN            151B    SCANLINL           0425    SCANLINN           0421
SCANLINR           0422    SCANLPR1           0408    SCANLPR2           041A
SCANLPRM           03FD    SCANLPRZ           03FA    SCANNXT            03C1
SCANNXTV           03B9    SCANPFLD           00AB E  SCANPFLE           037E
SCANPFLG           037D    SCANPTR1           0385    SCANPTR2           0387
SETFILENAME        18CD    SETSTM             07DF    SETSTMGT           0804
SETSTMLS           0809    SETSTMPR           07FF    SFNDONE            18E4
SFNLOOP            18D2    SGNFCT             1C94    SHIFTR             1A93
SHIFTR0            1A91    SHIFTRB            1AA0    SHIFTRBL           1AA3
SHIFTRLB           1AA7    SI                 000F E  SIGNACC            1C7E
SIGNIFY            1BFA    SIGNXTND           1C8A    SINFCT             1FCF
SINFCTC            1FFF    SPACECHK           04FB    SPACESTK           04EE
SQRFCT             1EBE    STCKBASE           039F    STMTABL            0064
STPSTM             0AE0    STRFCT             166F    STRGALAG           153B
STRGALAH           153C    STRGALGC           1557    STRGALOC           1537
STRGALOT           1193    STRGALOU           1196    STRGALOV           11B6
STRGBASE           03A3    STRGFREE           03A1    STRGGBAL           15A6
STRGGBAS           15C9    STRGGBCL           1563    STRGGBHI           15D7
STRGGBHV           15D9    STRGGBLP           1566    STRGGBMV           15FF
STRGGBTL           1575    STRGGBVR           1586    STRGGNAV           15A7
STRGRELA           11BF    STRGRELD           11C3    STRGRELH           11C2
STRGRELT           11DD    STRGSTOR           167D    STRGTEST           0CC3
STRGTLIM           03A7    STRGTMPA           0383    STRGTMPL           0382
STRGTMPP           03A5    STRGUNIQ           0BEC    STRNGEN            1529
STRSTCDS           152C    SUBOPR             19C5    SYSBREAK           0054
SYSDISPL           0040    SYSINITJ           0000    SYSKEYIN           001C
SYSKEYINRET        002F    SYSKEYNONE         0033    SYSQUIT            0061
SYSWAIT            0060    TAB                0009 E  TANFCT             2030
TRACE              0B9F    TRACEFLG           037C    TYPECHK            03EF
TYPECHKA           03F2    TYPEDEF            0020 E  TYPEDUBL           0008 E
TYPEFLG            0381    TYPEINTG           0002 E  TYPESING           0004 E
TYPESTRG           0003 E  UPRFCT             16EB    UPRFCTL            1701
VALBYTE            0C42    VALBYTE2           0C3E    VALCNDFL           1119
VALCNDTL           1109    VALCONCP           1224    VALCONCT           11ED
VALCOND            10F4    VALCONDF           1117    VALEXPR            0FA9
VALEXPR2           1008    VALEXPRC           0FB8    VALEXPRD           0FBB
VALEXPRL           0FAC    VALEXPRO           0FE1    VALEXPRR           0FC5
VALFCT             1653    VALFCTAR           114E    VALFCTCR           14FF
VALFCTD            143F    VALFCTDL           1465    VALFCTDM           146E
VALFCTLK           1156    VALFCTN            112E    VALFCTNA           14BB
VALFCTPS           148F    VALFCTPT           149C    VALFCTRL           14DA
VALFCTRS           14F1    VALINTDE           0C1D    VALNUMBR           0C07
VALPARN2           10C0    VALPARNS           10BC    VALPRMRY           1083
VALREL             101E    VALRETNM           10D4    VALRETST           164F
VALSTRGC           1168    VALSTRGE           117D    VALSTRGL           116E
VALSTRGN           115F    VALSTRGS           116B    VALSTRGY           116A
VALSTRGZ           1162    VALUMINS           10C8    VALUNOT            196D
VALVAR             10D9    VARALLOC           12ED    VARINDEX           038D E
VARNAME            127D    VARSCAN            1248    VARSCAND           1266
VARSCANF           12D0    VARSCANI           1249    VARSCANM           12C2
VARSCANS           1273    VARSCANT           12AF    VARSCANX           12FD
VARSCNDF           124E    VARSKIPL           1267    VARTABLE           0399
VERSNDAT           2091    WAISTM             1849    WAISTMIN           185E
XCO                001B    ZEROAC             1A30
